{
  "model_name": "Molmo-V1",
  "embedding_type": "vision_token_representation",
  "layer_name": "layer_24",
  "target_column": "is_hallucinating_manual",
  "input_dim": 4096,
  "timestamp": "20251003_181243",
  "dataset_statistics": {
    "total_samples": 10000,
    "num_no_hallucination": 8795,
    "num_hallucination": 1205,
    "hallucination_percentage": 12.049999999999999
  },
  "train_set": {
    "num_samples": 8000,
    "accuracy": 0.89675,
    "precision": 0.7005813953488372,
    "recall": 0.25,
    "f1": 0.36850152905198774,
    "auroc": 0.9217494969557865,
    "confusion_matrix": [
      [
        6933,
        103
      ],
      [
        723,
        241
      ]
    ],
    "num_no_hallucination": 7036,
    "num_hallucination": 964
  },
  "test_set": {
    "num_samples": 2000,
    "accuracy": 0.8595,
    "precision": 0.2727272727272727,
    "recall": 0.0995850622406639,
    "f1": 0.1458966565349544,
    "auroc": 0.6861865120459333,
    "confusion_matrix": [
      [
        1695,
        64
      ],
      [
        217,
        24
      ]
    ],
    "num_no_hallucination": 1759,
    "num_hallucination": 241
  },
  "training_history": {
    "train_loss": [
      0.5008243636488915,
      0.3639708085656166,
      0.35279759782552716,
      0.3481573985219002,
      0.3394621912240982,
      0.33568734520673754,
      0.33189459884166717,
      0.32870794838666917,
      0.32236595064401624,
      0.31671865373849867,
      0.3147351233661175,
      0.3146696585416794,
      0.3045795173048973,
      0.30146384596824644,
      0.30124705478549,
      0.2977131111621857,
      0.29506622651219366,
      0.2921067261993885,
      0.2905839791297913,
      0.2901625896990299,
      0.2812721351981163,
      0.2858799647092819,
      0.2794239716231823,
      0.27981334340572356,
      0.2795927146673203,
      0.2796965126991272,
      0.27516087356209756,
      0.2738251021504402,
      0.27049929958581925,
      0.27089026260375976,
      0.2670683689415455,
      0.26604532343149184,
      0.26595794624090197,
      0.2600507895052433,
      0.26387496599555016,
      0.2635252067446709,
      0.26509559947252276,
      0.25620831644535064,
      0.2579150331914425,
      0.25255792364478113,
      0.2562312982976437,
      0.25531849125027656,
      0.2536781445145607,
      0.2554537569284439,
      0.24788450500369072,
      0.2517244695425034,
      0.24499669018387796,
      0.24948210841417312,
      0.24517425447702407,
      0.2470638836324215
    ],
    "train_acc": [
      0.782625,
      0.876125,
      0.877875,
      0.879625,
      0.879625,
      0.87775,
      0.88025,
      0.878625,
      0.879125,
      0.88125,
      0.88,
      0.881875,
      0.881,
      0.881125,
      0.881625,
      0.882375,
      0.88075,
      0.87975,
      0.8805,
      0.882375,
      0.882625,
      0.881375,
      0.88375,
      0.881375,
      0.8825,
      0.881875,
      0.884125,
      0.88425,
      0.883125,
      0.8845,
      0.882,
      0.882375,
      0.886,
      0.887,
      0.8855,
      0.88425,
      0.8855,
      0.886875,
      0.885625,
      0.88725,
      0.886375,
      0.886125,
      0.887125,
      0.88425,
      0.889625,
      0.887125,
      0.89025,
      0.88725,
      0.8865,
      0.889625
    ]
  },
  "config": {
    "H5_DIR": "/root/akhil/HALP_EACL_Models/Models/Molmo_V1/molmo_output",
    "CSV_PATH": "/root/akhil/FInal_CSV_Hallucination/molmo_manually_reviewed.csv",
    "OUTPUT_DIR": "/root/akhil/probe_training_scripts/molmo_model_probe/results/vision_token_layer_3n_4",
    "MODEL_NAME": "Molmo-V1",
    "EMBEDDING_TYPE": "vision_token_representation",
    "LAYER_NAME": "layer_24",
    "TARGET_COLUMN": "is_hallucinating_manual",
    "LAYER_SIZES": [
      512,
      256,
      128
    ],
    "DROPOUT_RATE": 0.3,
    "LEARNING_RATE": 0.001,
    "BATCH_SIZE": 32,
    "EPOCHS": 50,
    "TEST_SIZE": 0.2,
    "RANDOM_STATE": 42,
    "DEVICE": "cuda"
  }
}