{
  "model_name": "Phi4-VL",
  "embedding_type": "query_token_representation",
  "layer_name": "layer_24",
  "target_column": "is_hallucinating_manual",
  "input_dim": 3072,
  "timestamp": "20251003_214815",
  "dataset_statistics": {
    "total_samples": 9767,
    "num_no_hallucination": 8817,
    "num_hallucination": 950,
    "hallucination_percentage": 9.726630490426947
  },
  "train_set": {
    "num_samples": 7813,
    "accuracy": 0.9847689747856138,
    "precision": 0.9062103929024081,
    "recall": 0.9407894736842105,
    "f1": 0.9231762427372499,
    "auroc": 0.9981764945114806,
    "confusion_matrix": [
      [
        6979,
        74
      ],
      [
        45,
        715
      ]
    ],
    "num_no_hallucination": 7053,
    "num_hallucination": 760
  },
  "test_set": {
    "num_samples": 1954,
    "accuracy": 0.9227226202661207,
    "precision": 0.6065573770491803,
    "recall": 0.5842105263157895,
    "f1": 0.5951742627345844,
    "auroc": 0.9304660460675498,
    "confusion_matrix": [
      [
        1692,
        72
      ],
      [
        79,
        111
      ]
    ],
    "num_no_hallucination": 1764,
    "num_hallucination": 190
  },
  "training_history": {
    "train_loss": [
      0.251063332600253,
      0.19384712738041976,
      0.18372448156682814,
      0.17226668080809165,
      0.16686803038631168,
      0.15550877556813006,
      0.15014521817163545,
      0.14040334334178847,
      0.1415315218954062,
      0.13555774252329553,
      0.1285779502774988,
      0.12528920651850653,
      0.12073400957243784,
      0.11796319555415183,
      0.11403405841306917,
      0.1058339931831068,
      0.1122977487096677,
      0.10160309030693404,
      0.0966953365664397,
      0.09851425617020958,
      0.09632420007861694,
      0.09282174664644563,
      0.08642919221702887,
      0.09453326866068706,
      0.08470706477077032,
      0.08412244535070293,
      0.08058180385934455,
      0.07755736140059118,
      0.07904899898460326,
      0.07727260643008108,
      0.08253807339209075,
      0.07402120160262043,
      0.06794084015929577,
      0.07344338322742557,
      0.06875235628317661,
      0.06718184947634914,
      0.07131171170907209,
      0.07156729303794551,
      0.06592267156264991,
      0.07071365658383892,
      0.06900462669710039,
      0.06402336898906043,
      0.06481771278836555,
      0.07408107438704417,
      0.0606166421682859,
      0.06399061747218425,
      0.057773184502611354,
      0.05641950783272255,
      0.060823540956646736,
      0.051543743527560894
    ],
    "train_acc": [
      0.8990144630743633,
      0.9114296685012159,
      0.9160373736080891,
      0.9193651606297197,
      0.9249968002047869,
      0.9273006527582235,
      0.9319083578650966,
      0.9358761039293485,
      0.934084218610009,
      0.9407397926532702,
      0.9389479073339306,
      0.9418917189299885,
      0.944195571483425,
      0.9473953666965315,
      0.9468833994624344,
      0.9530270062715986,
      0.9517470881863561,
      0.9552028670165109,
      0.9558428260591322,
      0.9566107769102777,
      0.9555868424420837,
      0.9571227441443748,
      0.9594265966978114,
      0.9596825803148599,
      0.9619864328682964,
      0.9624984001023934,
      0.9641622936132087,
      0.9651862280814028,
      0.9662101625495968,
      0.965314219889927,
      0.9636503263791117,
      0.9644182772302573,
      0.9688979905286061,
      0.9672340970177908,
      0.9700499168053245,
      0.9700499168053245,
      0.9709458594649942,
      0.9685140151030334,
      0.9736336874440036,
      0.9709458594649942,
      0.9704338922308973,
      0.9717138103161398,
      0.9709458594649942,
      0.9705618840394215,
      0.9741456546781005,
      0.9737616792525279,
      0.9742736464866248,
      0.9763215154230129,
      0.9754255727633432,
      0.9751695891462946
    ]
  },
  "config": {
    "H5_DIR": "/root/akhil/HALP_EACL_Models/Models/Phi4_VL/phi4_output",
    "CSV_PATH": "/root/akhil/FInal_CSV_Hallucination/phi4vl_manually_reviewed.csv",
    "OUTPUT_DIR": "/root/akhil/probe_training_scripts/phi4vl_model_probe/results/query_token_layer24",
    "MODEL_NAME": "Phi4-VL",
    "EMBEDDING_TYPE": "query_token_representation",
    "LAYER_NAME": "layer_24",
    "TARGET_COLUMN": "is_hallucinating_manual",
    "LAYER_SIZES": [
      512,
      256,
      128
    ],
    "DROPOUT_RATE": 0.3,
    "LEARNING_RATE": 0.001,
    "BATCH_SIZE": 32,
    "EPOCHS": 50,
    "TEST_SIZE": 0.2,
    "RANDOM_STATE": 42,
    "DEVICE": "cuda"
  }
}