{
  "model_name": "Phi4-VL",
  "embedding_type": "query_token_representation",
  "layer_name": "layer_16",
  "target_column": "is_hallucinating_manual",
  "input_dim": 3072,
  "timestamp": "20251003_214726",
  "dataset_statistics": {
    "total_samples": 9767,
    "num_no_hallucination": 8817,
    "num_hallucination": 950,
    "hallucination_percentage": 9.726630490426947
  },
  "train_set": {
    "num_samples": 7813,
    "accuracy": 0.979905286061692,
    "precision": 0.9068825910931174,
    "recall": 0.8842105263157894,
    "f1": 0.8954030646235843,
    "auroc": 0.9968651824158439,
    "confusion_matrix": [
      [
        6984,
        69
      ],
      [
        88,
        672
      ]
    ],
    "num_no_hallucination": 7053,
    "num_hallucination": 760
  },
  "test_set": {
    "num_samples": 1954,
    "accuracy": 0.913510747185261,
    "precision": 0.567741935483871,
    "recall": 0.4631578947368421,
    "f1": 0.5101449275362319,
    "auroc": 0.9072443012292637,
    "confusion_matrix": [
      [
        1697,
        67
      ],
      [
        102,
        88
      ]
    ],
    "num_no_hallucination": 1764,
    "num_hallucination": 190
  },
  "training_history": {
    "train_loss": [
      0.2680337736193015,
      0.20485872673440952,
      0.19198620611307574,
      0.18332757299043695,
      0.17870858272119444,
      0.17705669105052949,
      0.16733694449067116,
      0.16198302021592248,
      0.15747789209138374,
      0.14850549404414332,
      0.14454166907436994,
      0.1449105450693442,
      0.1439981151752326,
      0.13249773027337328,
      0.12981944611029966,
      0.13460768078814964,
      0.12650104965634493,
      0.12734181072030748,
      0.11857757265774571,
      0.11671396955391582,
      0.11768157781690967,
      0.11334072421399914,
      0.10964682051550825,
      0.108024248362956,
      0.10706492266617715,
      0.10000908146327248,
      0.10164084202628963,
      0.10249874824848101,
      0.10182216451028171,
      0.0946760919952423,
      0.09417369506720985,
      0.0917448570381622,
      0.08645393520745696,
      0.09791478585755947,
      0.09073666177157845,
      0.08628709559347861,
      0.083736093109236,
      0.08372294426306474,
      0.08497584209758408,
      0.07725286142168833,
      0.07713411934958884,
      0.07902128432155112,
      0.07516069259418516,
      0.07489686953331515,
      0.07188341363181112,
      0.07513415723830005,
      0.07323251710206802,
      0.07139045281563791,
      0.06606552168128214,
      0.06936107840750139
    ],
    "train_acc": [
      0.8894150774350441,
      0.9073339306284398,
      0.9133495456290798,
      0.9159093817995648,
      0.9173172916933316,
      0.9179572507359529,
      0.9244848329706898,
      0.9278126199923205,
      0.927556636375272,
      0.9313963906309997,
      0.9326763087162422,
      0.9342122104185332,
      0.936132087546397,
      0.9399718418021247,
      0.9402278254191732,
      0.9436836042493281,
      0.9450915141430949,
      0.9417637271214643,
      0.9481633175476769,
      0.9498272110584922,
      0.9473953666965315,
      0.9498272110584922,
      0.9495712274414437,
      0.9525150390375016,
      0.9516190963778318,
      0.956738768718802,
      0.9550748752079867,
      0.9535389735056956,
      0.9558428260591322,
      0.9571227441443748,
      0.9581466786125687,
      0.9605785229745296,
      0.9623704082938692,
      0.9608345065915781,
      0.9586586458466658,
      0.9603225393574811,
      0.9609624984001024,
      0.9609624984001024,
      0.9626263919109177,
      0.9683860232945092,
      0.9665941379751696,
      0.9649302444643543,
      0.9665941379751696,
      0.9639063099961602,
      0.968769998720082,
      0.9663381543581211,
      0.9695379495712274,
      0.9678740560604121,
      0.9705618840394215,
      0.9685140151030334
    ]
  },
  "config": {
    "H5_DIR": "/root/akhil/HALP_EACL_Models/Models/Phi4_VL/phi4_output",
    "CSV_PATH": "/root/akhil/FInal_CSV_Hallucination/phi4vl_manually_reviewed.csv",
    "OUTPUT_DIR": "/root/akhil/probe_training_scripts/phi4vl_model_probe/results/query_token_layer16",
    "MODEL_NAME": "Phi4-VL",
    "EMBEDDING_TYPE": "query_token_representation",
    "LAYER_NAME": "layer_16",
    "TARGET_COLUMN": "is_hallucinating_manual",
    "LAYER_SIZES": [
      512,
      256,
      128
    ],
    "DROPOUT_RATE": 0.3,
    "LEARNING_RATE": 0.001,
    "BATCH_SIZE": 32,
    "EPOCHS": 50,
    "TEST_SIZE": 0.2,
    "RANDOM_STATE": 42,
    "DEVICE": "cuda"
  }
}