{
  "model_name": "Molmo-V1",
  "embedding_type": "query_token_representation",
  "layer_name": "layer_8",
  "target_column": "is_hallucinating_manual",
  "input_dim": 4096,
  "timestamp": "20251003_181527",
  "dataset_statistics": {
    "total_samples": 10000,
    "num_no_hallucination": 8795,
    "num_hallucination": 1205,
    "hallucination_percentage": 12.049999999999999
  },
  "train_set": {
    "num_samples": 8000,
    "accuracy": 0.927875,
    "precision": 0.7529411764705882,
    "recall": 0.5975103734439834,
    "f1": 0.6662810873337189,
    "auroc": 0.9635449224969865,
    "confusion_matrix": [
      [
        6847,
        189
      ],
      [
        388,
        576
      ]
    ],
    "num_no_hallucination": 7036,
    "num_hallucination": 964
  },
  "test_set": {
    "num_samples": 2000,
    "accuracy": 0.869,
    "precision": 0.4419889502762431,
    "recall": 0.33195020746887965,
    "f1": 0.3791469194312796,
    "auroc": 0.8587961379414465,
    "confusion_matrix": [
      [
        1658,
        101
      ],
      [
        161,
        80
      ]
    ],
    "num_no_hallucination": 1759,
    "num_hallucination": 241
  },
  "training_history": {
    "train_loss": [
      0.49385088980197905,
      0.3206533563435078,
      0.29569142788648606,
      0.2821921381354332,
      0.2769853744208813,
      0.2697580892443657,
      0.26744096741080287,
      0.260447007060051,
      0.2595521014332771,
      0.2533673251569271,
      0.2530378800034523,
      0.25129400154948234,
      0.2482973316013813,
      0.24471278628706933,
      0.24312236133217813,
      0.24401873058080673,
      0.23889959788322448,
      0.23398503342270852,
      0.2351689777672291,
      0.23184474113583564,
      0.2303388914167881,
      0.22998006457090378,
      0.2285790676176548,
      0.2276018433868885,
      0.22173217755556107,
      0.2198104100227356,
      0.218275810867548,
      0.22083925130963325,
      0.21897823742032052,
      0.21723124578595163,
      0.21375586479902267,
      0.21039798766374587,
      0.21011035758256913,
      0.20816779473423958,
      0.2085026269853115,
      0.20376703920960426,
      0.20463877826929092,
      0.1965154969394207,
      0.2024209140241146,
      0.1973267879486084,
      0.1978347904086113,
      0.19555900993943215,
      0.19114303500950336,
      0.1940861794948578,
      0.1881511630266905,
      0.1923243114054203,
      0.18964131847023963,
      0.18269983804225923,
      0.18326432842016221,
      0.18320484705269335
    ],
    "train_acc": [
      0.772625,
      0.867125,
      0.87575,
      0.879125,
      0.87825,
      0.881125,
      0.88275,
      0.88525,
      0.88175,
      0.882875,
      0.888875,
      0.888125,
      0.886375,
      0.891375,
      0.88675,
      0.88975,
      0.89225,
      0.893875,
      0.892,
      0.8955,
      0.89325,
      0.89825,
      0.896125,
      0.8945,
      0.895125,
      0.89825,
      0.898375,
      0.898,
      0.898375,
      0.900625,
      0.8995,
      0.90125,
      0.90275,
      0.90375,
      0.906875,
      0.906875,
      0.904,
      0.911125,
      0.907,
      0.907125,
      0.911375,
      0.907375,
      0.91025,
      0.90975,
      0.912625,
      0.91075,
      0.913375,
      0.91725,
      0.912625,
      0.913875
    ]
  },
  "config": {
    "H5_DIR": "/root/akhil/HALP_EACL_Models/Models/Molmo_V1/molmo_output",
    "CSV_PATH": "/root/akhil/FInal_CSV_Hallucination/molmo_manually_reviewed.csv",
    "OUTPUT_DIR": "/root/akhil/probe_training_scripts/molmo_model_probe/results/query_token_layer_n_4",
    "MODEL_NAME": "Molmo-V1",
    "EMBEDDING_TYPE": "query_token_representation",
    "LAYER_NAME": "layer_8",
    "TARGET_COLUMN": "is_hallucinating_manual",
    "LAYER_SIZES": [
      512,
      256,
      128
    ],
    "DROPOUT_RATE": 0.3,
    "LEARNING_RATE": 0.001,
    "BATCH_SIZE": 32,
    "EPOCHS": 50,
    "TEST_SIZE": 0.2,
    "RANDOM_STATE": 42,
    "DEVICE": "cuda"
  }
}