{
  "model_name": "Phi4-VL",
  "embedding_type": "vision_token_representation",
  "layer_name": "layer_0",
  "target_column": "is_hallucinating_manual",
  "input_dim": 3072,
  "timestamp": "20251003_213943",
  "dataset_statistics": {
    "total_samples": 9767,
    "num_no_hallucination": 8817,
    "num_hallucination": 950,
    "hallucination_percentage": 9.726630490426947
  },
  "train_set": {
    "num_samples": 7813,
    "accuracy": 0.9120696275438372,
    "precision": 0.6130030959752322,
    "recall": 0.26052631578947366,
    "f1": 0.3656509695290859,
    "auroc": 0.9125712649339213,
    "confusion_matrix": [
      [
        6928,
        125
      ],
      [
        562,
        198
      ]
    ],
    "num_no_hallucination": 7053,
    "num_hallucination": 760
  },
  "test_set": {
    "num_samples": 1954,
    "accuracy": 0.9032753326509724,
    "precision": 0.5076923076923077,
    "recall": 0.1736842105263158,
    "f1": 0.25882352941176473,
    "auroc": 0.7688999283924096,
    "confusion_matrix": [
      [
        1732,
        32
      ],
      [
        157,
        33
      ]
    ],
    "num_no_hallucination": 1764,
    "num_hallucination": 190
  },
  "training_history": {
    "train_loss": [
      0.32330514919392916,
      0.2857288897037506,
      0.2830063974370762,
      0.2797723288438758,
      0.27489200538518477,
      0.27218514078733874,
      0.2655012476809171,
      0.26502486023367666,
      0.26304725432882503,
      0.2609086415293265,
      0.25892003856751383,
      0.26124201757567267,
      0.2623425993384147,
      0.2614350738878153,
      0.25657337116343637,
      0.2506082850451372,
      0.25098665758055083,
      0.2508789242834461,
      0.2525233903709723,
      0.24876546497855867,
      0.2517755581712236,
      0.24582428013791843,
      0.24653265616115258,
      0.24252921412793957,
      0.24779063183434155,
      0.24119780574526106,
      0.24128821440497222,
      0.24294140421006144,
      0.2344918399440999,
      0.24050468030024547,
      0.23793777376413344,
      0.2382493007243896,
      0.23803589882291093,
      0.24361504748159526,
      0.23741295945887664,
      0.23976375837715305,
      0.23514193141338777,
      0.2290273542306861,
      0.2274874203667349,
      0.2258329885346549,
      0.22675440880108852,
      0.22779529716591446,
      0.22589407198283137,
      0.22592713101481904,
      0.22361441312395797,
      0.22048797662160835,
      0.23107744513117537,
      0.2216838292017275,
      0.22284411620728822,
      0.21830878552733635
    ],
    "train_acc": [
      0.8874952003071803,
      0.9023422500959939,
      0.9038781517982849,
      0.9027262255215667,
      0.9029822091386152,
      0.9017022910533726,
      0.9019582746704211,
      0.9024702419045181,
      0.9041341354153334,
      0.9027262255215667,
      0.9036221681812364,
      0.9041341354153334,
      0.9023422500959939,
      0.9028542173300909,
      0.9023422500959939,
      0.9017022910533726,
      0.9025982337130424,
      0.9047740944579546,
      0.9019582746704211,
      0.9017022910533726,
      0.904390119032382,
      0.9040061436068092,
      0.9068219633943427,
      0.9024702419045181,
      0.9028542173300909,
      0.9054140535005759,
      0.9046461026494305,
      0.9028542173300909,
      0.9034941763727121,
      0.9046461026494305,
      0.9028542173300909,
      0.9036221681812364,
      0.9063099961602458,
      0.9056700371176245,
      0.9068219633943427,
      0.9066939715858185,
      0.9077179060540126,
      0.907461922436964,
      0.908485856905158,
      0.9077179060540126,
      0.9088698323307308,
      0.9065659797772943,
      0.9047740944579546,
      0.9060540125431973,
      0.9077179060540126,
      0.9098937667989249,
      0.9075899142454883,
      0.9077179060540126,
      0.9060540125431973,
      0.9063099961602458
    ]
  },
  "config": {
    "H5_DIR": "/root/akhil/HALP_EACL_Models/Models/Phi4_VL/phi4_output",
    "CSV_PATH": "/root/akhil/FInal_CSV_Hallucination/phi4vl_manually_reviewed.csv",
    "OUTPUT_DIR": "/root/akhil/probe_training_scripts/phi4vl_model_probe/results/vision_token_layer0",
    "MODEL_NAME": "Phi4-VL",
    "EMBEDDING_TYPE": "vision_token_representation",
    "LAYER_NAME": "layer_0",
    "TARGET_COLUMN": "is_hallucinating_manual",
    "LAYER_SIZES": [
      512,
      256,
      128
    ],
    "DROPOUT_RATE": 0.3,
    "LEARNING_RATE": 0.001,
    "BATCH_SIZE": 32,
    "EPOCHS": 50,
    "TEST_SIZE": 0.2,
    "RANDOM_STATE": 42,
    "DEVICE": "cuda"
  }
}