{
  "model_name": "Molmo-V1",
  "embedding_type": "vision_token_representation",
  "layer_name": "layer_0",
  "target_column": "is_hallucinating_manual",
  "input_dim": 4096,
  "timestamp": "20251003_181004",
  "dataset_statistics": {
    "total_samples": 10000,
    "num_no_hallucination": 8795,
    "num_hallucination": 1205,
    "hallucination_percentage": 12.049999999999999
  },
  "train_set": {
    "num_samples": 8000,
    "accuracy": 0.887,
    "precision": 0.8260869565217391,
    "recall": 0.07883817427385892,
    "f1": 0.14393939393939395,
    "auroc": 0.9288955407754783,
    "confusion_matrix": [
      [
        7020,
        16
      ],
      [
        888,
        76
      ]
    ],
    "num_no_hallucination": 7036,
    "num_hallucination": 964
  },
  "test_set": {
    "num_samples": 2000,
    "accuracy": 0.879,
    "precision": 0.48484848484848486,
    "recall": 0.06639004149377593,
    "f1": 0.11678832116788321,
    "auroc": 0.6935582033360146,
    "confusion_matrix": [
      [
        1742,
        17
      ],
      [
        225,
        16
      ]
    ],
    "num_no_hallucination": 1759,
    "num_hallucination": 241
  },
  "training_history": {
    "train_loss": [
      0.5028733388781548,
      0.3594230187535286,
      0.34212973684072495,
      0.3361342988312244,
      0.32681434726715086,
      0.32320144802331924,
      0.31751212549209595,
      0.3195184350311756,
      0.31575027596950533,
      0.30791268160939217,
      0.30458565706014634,
      0.302486233651638,
      0.29832911413908003,
      0.29890183845162394,
      0.29386657565832136,
      0.29515240305662155,
      0.2912815308570862,
      0.2903255615830421,
      0.28558971178531645,
      0.28244157722592356,
      0.28427144429087636,
      0.27698275056481364,
      0.2776026262640953,
      0.2735638626813889,
      0.2724014481902122,
      0.27520826160907746,
      0.27229516702890394,
      0.27302875569462776,
      0.26756073990464213,
      0.26606130385398863,
      0.2663831624090672,
      0.2619500696361065,
      0.2657854427695274,
      0.26125960543751714,
      0.2586055680811405,
      0.25826923912763594,
      0.26309131479263304,
      0.25418085598945617,
      0.25333693480491637,
      0.2530326027274132,
      0.2533371049463749,
      0.248973597407341,
      0.2503267359137535,
      0.24986549457907678,
      0.24947990983724594,
      0.2526818480193615,
      0.24133191332221032,
      0.24545979756116867,
      0.2464023621380329,
      0.24522423553466796
    ],
    "train_acc": [
      0.7875,
      0.87125,
      0.874125,
      0.87625,
      0.87675,
      0.878125,
      0.877375,
      0.880125,
      0.8795,
      0.87975,
      0.878375,
      0.881,
      0.880875,
      0.881625,
      0.88025,
      0.880375,
      0.88075,
      0.88225,
      0.882875,
      0.88075,
      0.882,
      0.88025,
      0.881375,
      0.882625,
      0.885875,
      0.88175,
      0.883,
      0.881875,
      0.883375,
      0.88425,
      0.88375,
      0.884125,
      0.88175,
      0.88275,
      0.88875,
      0.886375,
      0.884625,
      0.887125,
      0.88575,
      0.88975,
      0.886875,
      0.887375,
      0.886,
      0.885125,
      0.8855,
      0.886625,
      0.888,
      0.8875,
      0.885375,
      0.883625
    ]
  },
  "config": {
    "H5_DIR": "/root/akhil/HALP_EACL_Models/Models/Molmo_V1/molmo_output",
    "CSV_PATH": "/root/akhil/FInal_CSV_Hallucination/molmo_manually_reviewed.csv",
    "OUTPUT_DIR": "/root/akhil/probe_training_scripts/molmo_model_probe/results/vision_token_layer0",
    "MODEL_NAME": "Molmo-V1",
    "EMBEDDING_TYPE": "vision_token_representation",
    "LAYER_NAME": "layer_0",
    "TARGET_COLUMN": "is_hallucinating_manual",
    "LAYER_SIZES": [
      512,
      256,
      128
    ],
    "DROPOUT_RATE": 0.3,
    "LEARNING_RATE": 0.001,
    "BATCH_SIZE": 32,
    "EPOCHS": 50,
    "TEST_SIZE": 0.2,
    "RANDOM_STATE": 42,
    "DEVICE": "cuda"
  }
}