{
  "model_name": "Phi4-VL",
  "embedding_type": "vision_only_representation",
  "layer_name": null,
  "target_column": "is_hallucinating_manual",
  "input_dim": 448,
  "timestamp": "20251003_213844",
  "dataset_statistics": {
    "total_samples": 9767,
    "num_no_hallucination": 8817,
    "num_hallucination": 950,
    "hallucination_percentage": 9.726630490426947
  },
  "train_set": {
    "num_samples": 7813,
    "accuracy": 0.9034941763727121,
    "precision": 0.7142857142857143,
    "recall": 0.013157894736842105,
    "f1": 0.025839793281653745,
    "auroc": 0.7000212675457251,
    "confusion_matrix": [
      [
        7049,
        4
      ],
      [
        750,
        10
      ]
    ],
    "num_no_hallucination": 7053,
    "num_hallucination": 760
  },
  "test_set": {
    "num_samples": 1954,
    "accuracy": 0.901740020470829,
    "precision": 0.3333333333333333,
    "recall": 0.010526315789473684,
    "f1": 0.02040816326530612,
    "auroc": 0.6165607471058598,
    "confusion_matrix": [
      [
        1760,
        4
      ],
      [
        188,
        2
      ]
    ],
    "num_no_hallucination": 1764,
    "num_hallucination": 190
  },
  "training_history": {
    "train_loss": [
      0.3496671446123902,
      0.3188561480872485,
      0.3183901956799079,
      0.3174380924932811,
      0.31568496053924366,
      0.3190689844440441,
      0.3150436882613873,
      0.3160330004533943,
      0.3139357659889727,
      0.31483429132067425,
      0.315918506104119,
      0.3156249140598336,
      0.31307852782157003,
      0.31245263948732493,
      0.3115295329872443,
      0.3119631787648006,
      0.312685932705597,
      0.3167117320153178,
      0.3123790843146188,
      0.3101666337981516,
      0.3112530973644889,
      0.3091522079645371,
      0.31277938390872917,
      0.3128836820016102,
      0.3112810100219688,
      0.31221136180113773,
      0.31207578075783593,
      0.3115916658420952,
      0.3085465228983334,
      0.30753574833577996,
      0.3087168084419504,
      0.31140941183786003,
      0.31034815031654983,
      0.30773866404684225,
      0.3094039433464712,
      0.3061241854210289,
      0.30580959012921977,
      0.3058580705401849,
      0.30894891710913913,
      0.30596829744017856,
      0.30478612415644585,
      0.30544121384012457,
      0.30518065313903653,
      0.30476152051468286,
      0.30533720689768695,
      0.30144461101415204,
      0.3038859182474565,
      0.30352572710538395,
      0.30386122015057776,
      0.30581293440594964
    ],
    "train_acc": [
      0.8895430692435684,
      0.9027262255215667,
      0.9027262255215667,
      0.9027262255215667,
      0.9027262255215667,
      0.9027262255215667,
      0.9027262255215667,
      0.9027262255215667,
      0.9027262255215667,
      0.9027262255215667,
      0.9027262255215667,
      0.9027262255215667,
      0.9027262255215667,
      0.9027262255215667,
      0.9027262255215667,
      0.9027262255215667,
      0.9027262255215667,
      0.9027262255215667,
      0.9027262255215667,
      0.9027262255215667,
      0.9027262255215667,
      0.9027262255215667,
      0.9027262255215667,
      0.9027262255215667,
      0.9027262255215667,
      0.9027262255215667,
      0.9027262255215667,
      0.9027262255215667,
      0.9027262255215667,
      0.9036221681812364,
      0.9029822091386152,
      0.9027262255215667,
      0.9033661845641879,
      0.9027262255215667,
      0.9034941763727121,
      0.9032381927556636,
      0.9032381927556636,
      0.9025982337130424,
      0.9024702419045181,
      0.9032381927556636,
      0.9034941763727121,
      0.9032381927556636,
      0.9033661845641879,
      0.9031102009471393,
      0.9038781517982849,
      0.9045181108409062,
      0.9036221681812364,
      0.9041341354153334,
      0.9042621272238577,
      0.9036221681812364
    ]
  },
  "config": {
    "H5_DIR": "/root/akhil/HALP_EACL_Models/Models/Phi4_VL/phi4_output",
    "CSV_PATH": "/root/akhil/FInal_CSV_Hallucination/phi4vl_manually_reviewed.csv",
    "OUTPUT_DIR": "/root/akhil/probe_training_scripts/phi4vl_model_probe/results/vision_only",
    "MODEL_NAME": "Phi4-VL",
    "EMBEDDING_TYPE": "vision_only_representation",
    "LAYER_NAME": null,
    "TARGET_COLUMN": "is_hallucinating_manual",
    "LAYER_SIZES": [
      512,
      256,
      128
    ],
    "DROPOUT_RATE": 0.3,
    "LEARNING_RATE": 0.001,
    "BATCH_SIZE": 32,
    "EPOCHS": 50,
    "TEST_SIZE": 0.2,
    "RANDOM_STATE": 42,
    "DEVICE": "cuda"
  }
}