{
  "model_name": "Phi4-VL",
  "embedding_type": "query_token_representation",
  "layer_name": "layer_8",
  "target_column": "is_hallucinating_manual",
  "input_dim": 3072,
  "timestamp": "20251003_214634",
  "dataset_statistics": {
    "total_samples": 9767,
    "num_no_hallucination": 8817,
    "num_hallucination": 950,
    "hallucination_percentage": 9.726630490426947
  },
  "train_set": {
    "num_samples": 7813,
    "accuracy": 0.9284525790349417,
    "precision": 0.6070287539936102,
    "recall": 0.75,
    "f1": 0.6709829311359623,
    "auroc": 0.9633113382136754,
    "confusion_matrix": [
      [
        6684,
        369
      ],
      [
        190,
        570
      ]
    ],
    "num_no_hallucination": 7053,
    "num_hallucination": 760
  },
  "test_set": {
    "num_samples": 1954,
    "accuracy": 0.8843398157625384,
    "precision": 0.41743119266055045,
    "recall": 0.4789473684210526,
    "f1": 0.44607843137254904,
    "auroc": 0.8638113139992839,
    "confusion_matrix": [
      [
        1637,
        127
      ],
      [
        99,
        91
      ]
    ],
    "num_no_hallucination": 1764,
    "num_hallucination": 190
  },
  "training_history": {
    "train_loss": [
      0.28525054366612923,
      0.2355076006784731,
      0.2300480915271506,
      0.22409857429411947,
      0.22182756665409828,
      0.21660250975769393,
      0.21476597477282797,
      0.2110169120589081,
      0.20927935916246201,
      0.204899421638372,
      0.20297804689224885,
      0.20011935720638352,
      0.20252302492759666,
      0.20096250593054052,
      0.19455433028693103,
      0.1947898779292496,
      0.1949570125767163,
      0.18823644345512194,
      0.18929901735819116,
      0.18729293670277206,
      0.18434374284531388,
      0.18540728966496428,
      0.18375362239930096,
      0.1828046480155721,
      0.17721074807400605,
      0.17663445899985275,
      0.17410406544804574,
      0.17090328279502537,
      0.17056812379433184,
      0.16939230845594894,
      0.16671047388594978,
      0.16138692213868608,
      0.16095618892993246,
      0.16448215148126594,
      0.16098750344648652,
      0.15446051365258742,
      0.15855069315555145,
      0.15868762099013037,
      0.15539406729025804,
      0.1533933903489794,
      0.15534567433048269,
      0.14921779366476196,
      0.14713039849789775,
      0.1420744797252879,
      0.14690883171801664,
      0.14781223768938562,
      0.14064660887328945,
      0.13929099263433292,
      0.14344834683805097,
      0.13761649552960786
    ],
    "train_acc": [
      0.8863432740304621,
      0.9000383975425573,
      0.9023422500959939,
      0.9001663893510815,
      0.9034941763727121,
      0.9042621272238577,
      0.9055420453091002,
      0.904390119032382,
      0.9040061436068092,
      0.9054140535005759,
      0.9065659797772943,
      0.9073339306284398,
      0.9066939715858185,
      0.906949955202867,
      0.9102777422244976,
      0.9093817995648279,
      0.9095097913733521,
      0.9123256111608857,
      0.9077179060540126,
      0.9105337258415461,
      0.9127095865864585,
      0.9162933572251376,
      0.9156533981825163,
      0.9137335210546526,
      0.9147574555228465,
      0.9141174964802252,
      0.9161653654166133,
      0.9214130295661078,
      0.920517086906438,
      0.9179572507359529,
      0.9196211442467682,
      0.9226929476513503,
      0.9224369640343018,
      0.9209010623320107,
      0.9253807756303597,
      0.9251247920133111,
      0.9243568411621657,
      0.9262767182900294,
      0.9247408165877384,
      0.9266606937156022,
      0.9251247920133111,
      0.9294765135031358,
      0.930116472545757,
      0.9321643414821451,
      0.9276846281837963,
      0.9297324971201844,
      0.9349801612696788,
      0.9331882759503392,
      0.9325483169077179,
      0.933060284141815
    ]
  },
  "config": {
    "H5_DIR": "/root/akhil/HALP_EACL_Models/Models/Phi4_VL/phi4_output",
    "CSV_PATH": "/root/akhil/FInal_CSV_Hallucination/phi4vl_manually_reviewed.csv",
    "OUTPUT_DIR": "/root/akhil/probe_training_scripts/phi4vl_model_probe/results/query_token_layer8",
    "MODEL_NAME": "Phi4-VL",
    "EMBEDDING_TYPE": "query_token_representation",
    "LAYER_NAME": "layer_8",
    "TARGET_COLUMN": "is_hallucinating_manual",
    "LAYER_SIZES": [
      512,
      256,
      128
    ],
    "DROPOUT_RATE": 0.3,
    "LEARNING_RATE": 0.001,
    "BATCH_SIZE": 32,
    "EPOCHS": 50,
    "TEST_SIZE": 0.2,
    "RANDOM_STATE": 42,
    "DEVICE": "cuda"
  }
}