{
  "model_name": "FastVLM-7B",
  "embedding_type": "query_token_representation",
  "layer_name": "layer_7",
  "target_column": "is_hallucinating_manual",
  "input_dim": 3584,
  "timestamp": "20251003_171257",
  "dataset_statistics": {
    "total_samples": 10000,
    "num_no_hallucination": 9130,
    "num_hallucination": 870,
    "hallucination_percentage": 8.7
  },
  "train_set": {
    "num_samples": 8000,
    "accuracy": 0.944625,
    "precision": 0.7231040564373897,
    "recall": 0.5890804597701149,
    "f1": 0.6492478226444972,
    "auroc": 0.9697337547682895,
    "confusion_matrix": [
      [
        7147,
        157
      ],
      [
        286,
        410
      ]
    ],
    "num_no_hallucination": 7304,
    "num_hallucination": 696
  },
  "test_set": {
    "num_samples": 2000,
    "accuracy": 0.8765,
    "precision": 0.2032520325203252,
    "recall": 0.14367816091954022,
    "f1": 0.16835016835016836,
    "auroc": 0.66226347395853,
    "confusion_matrix": [
      [
        1728,
        98
      ],
      [
        149,
        25
      ]
    ],
    "num_no_hallucination": 1826,
    "num_hallucination": 174
  },
  "training_history": {
    "train_loss": [
      0.47174355858564376,
      0.29331587174534796,
      0.27566949295997617,
      0.26034544038772583,
      0.25570552924275397,
      0.24727247649431228,
      0.2417658160030842,
      0.2312499220967293,
      0.2271946309506893,
      0.22480997171998024,
      0.2183989662528038,
      0.20968418234586716,
      0.2086156457811594,
      0.20533366265892983,
      0.20699813701212405,
      0.19701919475197793,
      0.19732437513768672,
      0.190250964269042,
      0.18994768372178078,
      0.18540955920517443,
      0.18805039837956428,
      0.1770132411569357,
      0.17838592721521854,
      0.17614569926261903,
      0.17421296218037605,
      0.17060971923172474,
      0.16903519970178604,
      0.1708231189996004,
      0.16544467739760876,
      0.16259928126633166,
      0.16141915000975132,
      0.15839597111940384,
      0.15574093654751778,
      0.15444080367684365,
      0.1517665192335844,
      0.1512519073933363,
      0.1530343591570854,
      0.15389414374530316,
      0.14872068901360036,
      0.1489056299328804,
      0.14662543140351772,
      0.14245313321053982,
      0.14499962970614433,
      0.14609363750368357,
      0.1397380978614092,
      0.13689991103857754,
      0.14108957549929618,
      0.1364888385310769,
      0.13977958449721337,
      0.13318881122022866
    ],
    "train_acc": [
      0.804625,
      0.907625,
      0.9105,
      0.910375,
      0.911625,
      0.913875,
      0.9145,
      0.913375,
      0.917,
      0.918875,
      0.919625,
      0.92225,
      0.9215,
      0.923625,
      0.923375,
      0.92325,
      0.923,
      0.92975,
      0.926,
      0.9295,
      0.927625,
      0.92925,
      0.931,
      0.932625,
      0.93025,
      0.932,
      0.9345,
      0.9335,
      0.933,
      0.934625,
      0.93175,
      0.936875,
      0.934625,
      0.93725,
      0.936375,
      0.93775,
      0.936625,
      0.9365,
      0.937625,
      0.93925,
      0.937125,
      0.938,
      0.93875,
      0.9385,
      0.9395,
      0.943625,
      0.940625,
      0.939625,
      0.938375,
      0.94025
    ]
  },
  "config": {
    "H5_DIR": "/root/akhil/HALP_EACL_Models/Models/FastVLM_model/fastvlm_output",
    "CSV_PATH": "/root/akhil/FInal_CSV_Hallucination/fastvlm_manually_reviewed.csv",
    "OUTPUT_DIR": "/root/akhil/probe_training_scripts/fastvlm_model_probe/results/query_token_layer_n_4",
    "MODEL_NAME": "FastVLM-7B",
    "EMBEDDING_TYPE": "query_token_representation",
    "LAYER_NAME": "layer_7",
    "TARGET_COLUMN": "is_hallucinating_manual",
    "LAYER_SIZES": [
      512,
      256,
      128
    ],
    "DROPOUT_RATE": 0.3,
    "LEARNING_RATE": 0.001,
    "BATCH_SIZE": 32,
    "EPOCHS": 50,
    "TEST_SIZE": 0.2,
    "RANDOM_STATE": 42,
    "DEVICE": "cuda"
  }
}