{
  "model_name": "Molmo-V1",
  "embedding_type": "vision_token_representation",
  "layer_name": "layer_31",
  "target_column": "is_hallucinating_manual",
  "input_dim": 4096,
  "timestamp": "20251003_181336",
  "dataset_statistics": {
    "total_samples": 10000,
    "num_no_hallucination": 8795,
    "num_hallucination": 1205,
    "hallucination_percentage": 12.049999999999999
  },
  "train_set": {
    "num_samples": 8000,
    "accuracy": 0.90125,
    "precision": 0.7959183673469388,
    "recall": 0.24273858921161826,
    "f1": 0.37201907790143085,
    "auroc": 0.9371463062519021,
    "confusion_matrix": [
      [
        6976,
        60
      ],
      [
        730,
        234
      ]
    ],
    "num_no_hallucination": 7036,
    "num_hallucination": 964
  },
  "test_set": {
    "num_samples": 2000,
    "accuracy": 0.8615,
    "precision": 0.275,
    "recall": 0.0912863070539419,
    "f1": 0.13707165109034267,
    "auroc": 0.6867149148776064,
    "confusion_matrix": [
      [
        1701,
        58
      ],
      [
        219,
        22
      ]
    ],
    "num_no_hallucination": 1759,
    "num_hallucination": 241
  },
  "training_history": {
    "train_loss": [
      0.49996176409721377,
      0.3599200414419174,
      0.3476284630894661,
      0.33817704641819,
      0.32919141340255736,
      0.3233139707446098,
      0.31313209629058836,
      0.306295083373785,
      0.3043365145921707,
      0.296293754696846,
      0.29014563098549845,
      0.2929929828345776,
      0.2850970610976219,
      0.2826601639389992,
      0.2763102077245712,
      0.2744149224162102,
      0.26830980071425437,
      0.268676599919796,
      0.26600702267885207,
      0.266180353730917,
      0.2607279614806175,
      0.2561983797252178,
      0.2584752422273159,
      0.2531062400639057,
      0.25088563734292985,
      0.24539093101024628,
      0.250442679464817,
      0.24654986956715583,
      0.24207348567247391,
      0.23959901320934296,
      0.24304985427856446,
      0.23898981103301048,
      0.2352659404873848,
      0.2317271338403225,
      0.23792900812625886,
      0.2398970567882061,
      0.2318587534725666,
      0.23143101450800896,
      0.2222397587299347,
      0.22926533901691437,
      0.22740042486786843,
      0.22642258116602898,
      0.22378510513901712,
      0.23042523685097693,
      0.22401893004775048,
      0.22293682539463044,
      0.2205775101184845,
      0.2217177964448929,
      0.22063553309440612,
      0.22114057648181915
    ],
    "train_acc": [
      0.786375,
      0.8755,
      0.877125,
      0.878,
      0.879125,
      0.878875,
      0.878,
      0.881125,
      0.878125,
      0.879625,
      0.880875,
      0.87925,
      0.882375,
      0.881625,
      0.881625,
      0.883375,
      0.88475,
      0.883625,
      0.88575,
      0.8845,
      0.884875,
      0.883375,
      0.887375,
      0.886375,
      0.888875,
      0.888625,
      0.8905,
      0.888625,
      0.887,
      0.8915,
      0.888875,
      0.891375,
      0.893,
      0.890875,
      0.890875,
      0.887625,
      0.8915,
      0.89475,
      0.897125,
      0.894125,
      0.892375,
      0.89425,
      0.89675,
      0.894,
      0.89425,
      0.89475,
      0.896125,
      0.893125,
      0.897125,
      0.895625
    ]
  },
  "config": {
    "H5_DIR": "/root/akhil/HALP_EACL_Models/Models/Molmo_V1/molmo_output",
    "CSV_PATH": "/root/akhil/FInal_CSV_Hallucination/molmo_manually_reviewed.csv",
    "OUTPUT_DIR": "/root/akhil/probe_training_scripts/molmo_model_probe/results/vision_token_layer_n",
    "MODEL_NAME": "Molmo-V1",
    "EMBEDDING_TYPE": "vision_token_representation",
    "LAYER_NAME": "layer_31",
    "TARGET_COLUMN": "is_hallucinating_manual",
    "LAYER_SIZES": [
      512,
      256,
      128
    ],
    "DROPOUT_RATE": 0.3,
    "LEARNING_RATE": 0.001,
    "BATCH_SIZE": 32,
    "EPOCHS": 50,
    "TEST_SIZE": 0.2,
    "RANDOM_STATE": 42,
    "DEVICE": "cuda"
  }
}