{
  "model_name": "Molmo-V1",
  "embedding_type": "vision_only_representation",
  "layer_name": null,
  "target_column": "is_hallucinating_manual",
  "input_dim": 4096,
  "timestamp": "20251003_180903",
  "dataset_statistics": {
    "total_samples": 10000,
    "num_no_hallucination": 8795,
    "num_hallucination": 1205,
    "hallucination_percentage": 12.049999999999999
  },
  "train_set": {
    "num_samples": 8000,
    "accuracy": 0.90325,
    "precision": 0.698744769874477,
    "recall": 0.34647302904564314,
    "f1": 0.463245492371706,
    "auroc": 0.9276416898039483,
    "confusion_matrix": [
      [
        6892,
        144
      ],
      [
        630,
        334
      ]
    ],
    "num_no_hallucination": 7036,
    "num_hallucination": 964
  },
  "test_set": {
    "num_samples": 2000,
    "accuracy": 0.854,
    "precision": 0.3111111111111111,
    "recall": 0.17427385892116182,
    "f1": 0.22340425531914893,
    "auroc": 0.6829547625843616,
    "confusion_matrix": [
      [
        1666,
        93
      ],
      [
        199,
        42
      ]
    ],
    "num_no_hallucination": 1759,
    "num_hallucination": 241
  },
  "training_history": {
    "train_loss": [
      0.5214264482259751,
      0.3545444850921631,
      0.3407815368771553,
      0.3254846474528313,
      0.3217267928123474,
      0.3135696284174919,
      0.31030871671438215,
      0.3058811192512512,
      0.3008481145501137,
      0.2977934176921844,
      0.29334900227189065,
      0.2899934874773025,
      0.2878342483341694,
      0.28499682903289797,
      0.28110365307331087,
      0.27523959559202194,
      0.27761453089118004,
      0.26808919218182564,
      0.27163849711418153,
      0.26303288984298706,
      0.26896839544177054,
      0.263382688164711,
      0.2592905581891537,
      0.26192533326148987,
      0.25273313295841215,
      0.25385154911875724,
      0.2466078301370144,
      0.24819343554973602,
      0.2497623527944088,
      0.24564825096726417,
      0.24347798654437064,
      0.2437934817969799,
      0.24038411644101143,
      0.24136902874708174,
      0.23907813987135887,
      0.24070518124103546,
      0.23564753541350364,
      0.23120639407634735,
      0.23177852362394333,
      0.23494576466083528,
      0.23361285173892976,
      0.22885017603635788,
      0.22718918827176093,
      0.2253680136203766,
      0.22773979675769807,
      0.22643202877044677,
      0.22540530145168305,
      0.2221998983323574,
      0.22655615323781966,
      0.2240698822438717
    ],
    "train_acc": [
      0.75825,
      0.873125,
      0.876625,
      0.878875,
      0.8765,
      0.8795,
      0.87975,
      0.878875,
      0.879875,
      0.878875,
      0.881625,
      0.88075,
      0.8825,
      0.87975,
      0.88275,
      0.885625,
      0.88125,
      0.883375,
      0.883625,
      0.8845,
      0.882125,
      0.88275,
      0.885875,
      0.885125,
      0.88725,
      0.88325,
      0.885125,
      0.886,
      0.883375,
      0.88425,
      0.888375,
      0.887875,
      0.88725,
      0.88925,
      0.88825,
      0.887625,
      0.8865,
      0.890375,
      0.89075,
      0.89025,
      0.885875,
      0.890375,
      0.892125,
      0.89075,
      0.890875,
      0.88775,
      0.892375,
      0.89375,
      0.891,
      0.89125
    ]
  },
  "config": {
    "H5_DIR": "/root/akhil/HALP_EACL_Models/Models/Molmo_V1/molmo_output",
    "CSV_PATH": "/root/akhil/FInal_CSV_Hallucination/molmo_manually_reviewed.csv",
    "OUTPUT_DIR": "/root/akhil/probe_training_scripts/molmo_model_probe/results/vision_only",
    "MODEL_NAME": "Molmo-V1",
    "EMBEDDING_TYPE": "vision_only_representation",
    "LAYER_NAME": null,
    "TARGET_COLUMN": "is_hallucinating_manual",
    "LAYER_SIZES": [
      512,
      256,
      128
    ],
    "DROPOUT_RATE": 0.3,
    "LEARNING_RATE": 0.001,
    "BATCH_SIZE": 32,
    "EPOCHS": 50,
    "TEST_SIZE": 0.2,
    "RANDOM_STATE": 42,
    "DEVICE": "cuda"
  }
}