{
  "model_name": "SmolVLM2-2.2B",
  "embedding_type": "vision_only_representation",
  "target_column": "is_hallucinating_manual",
  "input_dim": 1152,
  "timestamp": "20251004_115846",
  "dataset_statistics": {
    "total_samples": 10000,
    "num_no_hallucination": 9009,
    "num_hallucination": 991,
    "hallucination_percentage": 9.91
  },
  "train_set": {
    "num_samples": 8000,
    "accuracy": 0.909375,
    "precision": 0.6349206349206349,
    "recall": 0.201765447667087,
    "f1": 0.3062200956937799,
    "auroc": 0.9304044635041139,
    "confusion_matrix": [
      [
        7115,
        92
      ],
      [
        633,
        160
      ]
    ],
    "num_no_hallucination": 7207,
    "num_hallucination": 793
  },
  "test_set": {
    "num_samples": 2000,
    "accuracy": 0.893,
    "precision": 0.35185185185185186,
    "recall": 0.09595959595959595,
    "f1": 0.15079365079365079,
    "auroc": 0.7237679234072131,
    "confusion_matrix": [
      [
        1767,
        35
      ],
      [
        179,
        19
      ]
    ],
    "num_no_hallucination": 1802,
    "num_hallucination": 198
  },
  "training_history": {
    "train_loss": [
      0.49974854588508605,
      0.31428140312433245,
      0.29758117520809174,
      0.28582029503583906,
      0.2775087168514729,
      0.27218400153517724,
      0.26166059231758115,
      0.2626918456554413,
      0.25753849631547926,
      0.2595082588493824,
      0.2523934585750103,
      0.2502846221327782,
      0.24714115265011788,
      0.24427530732750893,
      0.24547704431414605,
      0.23753264239430427,
      0.24021094807982446,
      0.23854869267344475,
      0.23433641746640205,
      0.23424935621023177,
      0.23408451282978057,
      0.23011930039525033,
      0.2275746704041958,
      0.2252592211663723,
      0.2314492395222187,
      0.22506544631719588,
      0.22257985737919808,
      0.22407517665624618,
      0.22061259087920188,
      0.21777888438105583,
      0.21709399962425233,
      0.21386741729080677,
      0.21426697504520417,
      0.21852300187945367,
      0.21333806803822516,
      0.2135369966030121,
      0.21219829693436623,
      0.21338985008001327,
      0.21098088863492012,
      0.2126826978623867,
      0.2142102701663971,
      0.21191878324747085,
      0.20808580882847308,
      0.2084687567651272,
      0.20976804700493812,
      0.2158928369283676,
      0.207238400131464,
      0.2075781928896904,
      0.2035918209850788,
      0.20263495564460754
    ],
    "train_acc": [
      0.777375,
      0.896875,
      0.89775,
      0.9,
      0.899625,
      0.902875,
      0.903375,
      0.901375,
      0.902625,
      0.900875,
      0.9035,
      0.902125,
      0.901375,
      0.90325,
      0.902375,
      0.90325,
      0.9025,
      0.904625,
      0.9035,
      0.905375,
      0.90525,
      0.904875,
      0.90375,
      0.903375,
      0.902,
      0.905375,
      0.90675,
      0.9055,
      0.908125,
      0.906375,
      0.905625,
      0.90675,
      0.90725,
      0.905375,
      0.905,
      0.9055,
      0.9075,
      0.90575,
      0.909875,
      0.90625,
      0.90525,
      0.904125,
      0.907,
      0.90725,
      0.90725,
      0.90525,
      0.90675,
      0.90375,
      0.910125,
      0.90875
    ]
  },
  "config": {
    "H5_DIR": "/root/akhil/HALP_EACL_Models/Models/Smol_VL/smolvlm_output",
    "CSV_PATH": "/root/akhil/FInal_CSV_Hallucination/smolvlm_manually_reviewed.csv",
    "OUTPUT_DIR": "/root/akhil/probe_training_scripts/smolvlm_model_probe/results/vision_only",
    "MODEL_NAME": "SmolVLM2-2.2B",
    "EMBEDDING_TYPE": "vision_only_representation",
    "TARGET_COLUMN": "is_hallucinating_manual",
    "LAYER_SIZES": [
      512,
      256,
      128
    ],
    "DROPOUT_RATE": 0.3,
    "LEARNING_RATE": 0.001,
    "BATCH_SIZE": 32,
    "EPOCHS": 50,
    "TEST_SIZE": 0.2,
    "RANDOM_STATE": 42,
    "DEVICE": "cuda"
  }
}