{
  "model_name": "Phi4-VL",
  "embedding_type": "vision_token_representation",
  "layer_name": "layer_31",
  "target_column": "is_hallucinating_manual",
  "input_dim": 3072,
  "timestamp": "20251003_214400",
  "dataset_statistics": {
    "total_samples": 9767,
    "num_no_hallucination": 8817,
    "num_hallucination": 950,
    "hallucination_percentage": 9.726630490426947
  },
  "train_set": {
    "num_samples": 7813,
    "accuracy": 0.928068603609369,
    "precision": 0.7605263157894737,
    "recall": 0.38026315789473686,
    "f1": 0.5070175438596491,
    "auroc": 0.9573295611423285,
    "confusion_matrix": [
      [
        6962,
        91
      ],
      [
        471,
        289
      ]
    ],
    "num_no_hallucination": 7053,
    "num_hallucination": 760
  },
  "test_set": {
    "num_samples": 1954,
    "accuracy": 0.8817809621289662,
    "precision": 0.308411214953271,
    "recall": 0.1736842105263158,
    "f1": 0.2222222222222222,
    "auroc": 0.7738498030791263,
    "confusion_matrix": [
      [
        1690,
        74
      ],
      [
        157,
        33
      ]
    ],
    "num_no_hallucination": 1764,
    "num_hallucination": 190
  },
  "training_history": {
    "train_loss": [
      0.31954499568258016,
      0.2645512315083523,
      0.2543848479888877,
      0.2533899102283984,
      0.2479159723739235,
      0.24516908885264882,
      0.2419067469026361,
      0.23904843114468516,
      0.23311326184443065,
      0.23448976962542048,
      0.22873944555010114,
      0.23112928578440023,
      0.22597333781269133,
      0.2213121146419827,
      0.21981240936688015,
      0.22267349718176588,
      0.22042368148662606,
      0.22193367757967541,
      0.2160085970649914,
      0.21535223822812644,
      0.21084846331148732,
      0.2084190629270612,
      0.2081643404096973,
      0.2047793447743265,
      0.20336747684953163,
      0.20466828017818683,
      0.20192748663985,
      0.19884543902411753,
      0.19629974442781234,
      0.19506973248659348,
      0.19656533153385533,
      0.189184422380462,
      0.1921568325283576,
      0.19098838791251183,
      0.19160542401428127,
      0.19095576546934187,
      0.18771779141863998,
      0.1877355047482617,
      0.1860529254133604,
      0.19452678254064248,
      0.18059712766992803,
      0.18905242996252314,
      0.18154342229268988,
      0.17974494916139816,
      0.17539217158847925,
      0.17804021665028164,
      0.1758864094408191,
      0.17658783688533064,
      0.173066282850139,
      0.17471717614300397
    ],
    "train_acc": [
      0.8844233969025982,
      0.9034941763727121,
      0.9034941763727121,
      0.9032381927556636,
      0.9045181108409062,
      0.9034941763727121,
      0.9041341354153334,
      0.9041341354153334,
      0.9077179060540126,
      0.9075899142454883,
      0.9051580698835274,
      0.9073339306284398,
      0.90643798796877,
      0.9079738896710611,
      0.907461922436964,
      0.9079738896710611,
      0.9066939715858185,
      0.907461922436964,
      0.9096377831818764,
      0.9091258159477793,
      0.9104057340330219,
      0.9104057340330219,
      0.9089978241392551,
      0.9110456930756432,
      0.9147574555228465,
      0.9138615128631767,
      0.9133495456290798,
      0.9179572507359529,
      0.9162933572251376,
      0.9146294637143223,
      0.9153974145654679,
      0.9165493408421861,
      0.9170613080762832,
      0.9161653654166133,
      0.9132215538205555,
      0.9168053244592346,
      0.9150134391398951,
      0.9148854473313708,
      0.9179572507359529,
      0.9198771278638167,
      0.918981185204147,
      0.9169333162677589,
      0.9209010623320107,
      0.9197491360552925,
      0.9191091770126711,
      0.9214130295661078,
      0.9194931524382439,
      0.9198771278638167,
      0.9214130295661078,
      0.9234608985024958
    ]
  },
  "config": {
    "H5_DIR": "/root/akhil/HALP_EACL_Models/Models/Phi4_VL/phi4_output",
    "CSV_PATH": "/root/akhil/FInal_CSV_Hallucination/phi4vl_manually_reviewed.csv",
    "OUTPUT_DIR": "/root/akhil/probe_training_scripts/phi4vl_model_probe/results/vision_token_layer31",
    "MODEL_NAME": "Phi4-VL",
    "EMBEDDING_TYPE": "vision_token_representation",
    "LAYER_NAME": "layer_31",
    "TARGET_COLUMN": "is_hallucinating_manual",
    "LAYER_SIZES": [
      512,
      256,
      128
    ],
    "DROPOUT_RATE": 0.3,
    "LEARNING_RATE": 0.001,
    "BATCH_SIZE": 32,
    "EPOCHS": 50,
    "TEST_SIZE": 0.2,
    "RANDOM_STATE": 42,
    "DEVICE": "cuda"
  }
}