{
  "model_name": "FastVLM-7B",
  "embedding_type": "vision_token_representation",
  "layer_name": "layer_21",
  "target_column": "is_hallucinating_manual",
  "input_dim": 3584,
  "timestamp": "20251003_171010",
  "dataset_statistics": {
    "total_samples": 10000,
    "num_no_hallucination": 9130,
    "num_hallucination": 870,
    "hallucination_percentage": 8.7
  },
  "train_set": {
    "num_samples": 8000,
    "accuracy": 0.912625,
    "precision": 0.43478260869565216,
    "recall": 0.014367816091954023,
    "f1": 0.027816411682892908,
    "auroc": 0.7301528803300978,
    "confusion_matrix": [
      [
        7291,
        13
      ],
      [
        686,
        10
      ]
    ],
    "num_no_hallucination": 7304,
    "num_hallucination": 696
  },
  "test_set": {
    "num_samples": 2000,
    "accuracy": 0.9125,
    "precision": 0.42857142857142855,
    "recall": 0.017241379310344827,
    "f1": 0.03314917127071823,
    "auroc": 0.687931978698493,
    "confusion_matrix": [
      [
        1822,
        4
      ],
      [
        171,
        3
      ]
    ],
    "num_no_hallucination": 1826,
    "num_hallucination": 174
  },
  "training_history": {
    "train_loss": [
      0.48630729711055753,
      0.30893820241093634,
      0.30352172219753265,
      0.29809447753429413,
      0.2943308454453945,
      0.2936057359576225,
      0.2940621056258678,
      0.2899715513885021,
      0.2863295597136021,
      0.28580029383301736,
      0.28725084048509597,
      0.2866656401157379,
      0.28584605997800827,
      0.28445000779628754,
      0.28570739495754244,
      0.28538158094882965,
      0.2794574690163136,
      0.28491704556345937,
      0.28543693539500237,
      0.28281478548049926,
      0.28392384260892867,
      0.283515753030777,
      0.2843601998090744,
      0.2804681629240513,
      0.2819145603477955,
      0.28008600676059725,
      0.2771441582739353,
      0.2781194681227207,
      0.27776079359650613,
      0.27790188163518903,
      0.27650574097037317,
      0.2759871864914894,
      0.2764251010417938,
      0.27442113029956816,
      0.27452824208140375,
      0.27219322067499163,
      0.2719149231910706,
      0.2762020542919636,
      0.27406294190883634,
      0.27376551669836047,
      0.27306810081005095,
      0.2745854471325874,
      0.27212916934490206,
      0.2701232317686081,
      0.2703955658376217,
      0.27002222564816475,
      0.270332835316658,
      0.2714083759486675,
      0.27118578770756724,
      0.2713387041091919
    ],
    "train_acc": [
      0.8085,
      0.908375,
      0.91025,
      0.911625,
      0.910875,
      0.912,
      0.91075,
      0.91125,
      0.91175,
      0.912,
      0.9125,
      0.912,
      0.91225,
      0.912625,
      0.912125,
      0.913125,
      0.913,
      0.91275,
      0.912875,
      0.913,
      0.912875,
      0.913,
      0.912625,
      0.912875,
      0.913125,
      0.913,
      0.91275,
      0.91275,
      0.913,
      0.912625,
      0.91275,
      0.912875,
      0.91275,
      0.913125,
      0.912875,
      0.91275,
      0.9125,
      0.913,
      0.912875,
      0.912875,
      0.913,
      0.913,
      0.912875,
      0.912625,
      0.912875,
      0.913125,
      0.91275,
      0.912875,
      0.913,
      0.91275
    ]
  },
  "config": {
    "H5_DIR": "/root/akhil/HALP_EACL_Models/Models/FastVLM_model/fastvlm_output",
    "CSV_PATH": "/root/akhil/FInal_CSV_Hallucination/fastvlm_manually_reviewed.csv",
    "OUTPUT_DIR": "/root/akhil/probe_training_scripts/fastvlm_model_probe/results/vision_token_layer_3n_4",
    "MODEL_NAME": "FastVLM-7B",
    "EMBEDDING_TYPE": "vision_token_representation",
    "LAYER_NAME": "layer_21",
    "TARGET_COLUMN": "is_hallucinating_manual",
    "LAYER_SIZES": [
      512,
      256,
      128
    ],
    "DROPOUT_RATE": 0.3,
    "LEARNING_RATE": 0.001,
    "BATCH_SIZE": 32,
    "EPOCHS": 50,
    "TEST_SIZE": 0.2,
    "RANDOM_STATE": 42,
    "DEVICE": "cuda"
  }
}