{
  "model_name": "Gemma3-12B",
  "embedding_type": "vision_only_representation",
  "target_column": "is_hallucinating_manual",
  "input_dim": 1152,
  "timestamp": "20251003_165346",
  "dataset_statistics": {
    "total_samples": 10000,
    "num_no_hallucination": 8942,
    "num_hallucination": 1058,
    "hallucination_percentage": 10.58
  },
  "train_set": {
    "num_samples": 8000,
    "accuracy": 0.91575,
    "precision": 0.76875,
    "recall": 0.2907801418439716,
    "f1": 0.4219554030874786,
    "auroc": 0.9479374232934211,
    "confusion_matrix": [
      [
        7080,
        74
      ],
      [
        600,
        246
      ]
    ],
    "num_no_hallucination": 7154,
    "num_hallucination": 846
  },
  "test_set": {
    "num_samples": 2000,
    "accuracy": 0.8765,
    "precision": 0.2891566265060241,
    "recall": 0.11320754716981132,
    "f1": 0.16271186440677965,
    "auroc": 0.673587807606264,
    "confusion_matrix": [
      [
        1729,
        59
      ],
      [
        188,
        24
      ]
    ],
    "num_no_hallucination": 1788,
    "num_hallucination": 212
  },
  "training_history": {
    "train_loss": [
      0.5097887595891952,
      0.32499265840649605,
      0.3079786796271801,
      0.302546829611063,
      0.28029537150263784,
      0.2804533523917198,
      0.27159001648426057,
      0.2696745698153973,
      0.26129870197176935,
      0.25349040868878364,
      0.24870427334308623,
      0.24978482112288475,
      0.24345917290449143,
      0.23641544631123543,
      0.23305431428551673,
      0.2285464237034321,
      0.2278430351614952,
      0.22252401280403136,
      0.21933967438340188,
      0.22035595947504044,
      0.21653640016913414,
      0.21153887900710105,
      0.21857152339816094,
      0.2107764136493206,
      0.20639601609110833,
      0.20883627822995185,
      0.20741081854701043,
      0.2014717883169651,
      0.20139113327860833,
      0.20162594708800316,
      0.1967912115752697,
      0.20189852464199065,
      0.1979678612649441,
      0.19986127737164497,
      0.19618766170740126,
      0.19540568712353706,
      0.19084549313783647,
      0.1910720072388649,
      0.18856117267906666,
      0.19456124103069306,
      0.19218326964974403,
      0.19046721833944322,
      0.18756423875689507,
      0.1883405889868736,
      0.18659622660279274,
      0.18229849851131438,
      0.18904077929258348,
      0.1838948903232813,
      0.18441258591413498,
      0.18744858680665494
    ],
    "train_acc": [
      0.776,
      0.887875,
      0.892125,
      0.889875,
      0.896125,
      0.892625,
      0.894,
      0.89575,
      0.8945,
      0.8945,
      0.895,
      0.89775,
      0.899125,
      0.90175,
      0.8975,
      0.899375,
      0.899375,
      0.900625,
      0.902125,
      0.901875,
      0.90225,
      0.90375,
      0.900625,
      0.902375,
      0.904875,
      0.906,
      0.905875,
      0.906,
      0.904875,
      0.906625,
      0.907375,
      0.902625,
      0.90575,
      0.90575,
      0.905,
      0.907375,
      0.909,
      0.90475,
      0.911375,
      0.90525,
      0.90625,
      0.90925,
      0.910125,
      0.90775,
      0.908125,
      0.909875,
      0.910375,
      0.913125,
      0.90925,
      0.911875
    ]
  },
  "config": {
    "H5_DIR": "/root/akhil/HALP_EACL_Models/Models/Gemma3_12B/gemma_output",
    "CSV_PATH": "/root/akhil/FInal_CSV_Hallucination/gemma3_manually_reviewed.csv",
    "OUTPUT_DIR": "/root/akhil/probe_training_scripts/gemma_model_probe/results/vision_only",
    "MODEL_NAME": "Gemma3-12B",
    "EMBEDDING_TYPE": "vision_only_representation",
    "TARGET_COLUMN": "is_hallucinating_manual",
    "LAYER_SIZES": [
      512,
      256,
      128
    ],
    "DROPOUT_RATE": 0.3,
    "LEARNING_RATE": 0.001,
    "BATCH_SIZE": 32,
    "EPOCHS": 50,
    "TEST_SIZE": 0.2,
    "RANDOM_STATE": 42,
    "DEVICE": "cuda"
  }
}