{
  "model_name": "FastVLM-7B",
  "embedding_type": "query_token_representation",
  "layer_name": "layer_21",
  "target_column": "is_hallucinating_manual",
  "input_dim": 3584,
  "timestamp": "20251003_171443",
  "dataset_statistics": {
    "total_samples": 10000,
    "num_no_hallucination": 9130,
    "num_hallucination": 870,
    "hallucination_percentage": 8.7
  },
  "train_set": {
    "num_samples": 8000,
    "accuracy": 0.947375,
    "precision": 0.7589453860640302,
    "recall": 0.5790229885057471,
    "f1": 0.6568867155664222,
    "auroc": 0.9706980350870567,
    "confusion_matrix": [
      [
        7176,
        128
      ],
      [
        293,
        403
      ]
    ],
    "num_no_hallucination": 7304,
    "num_hallucination": 696
  },
  "test_set": {
    "num_samples": 2000,
    "accuracy": 0.8835,
    "precision": 0.2079207920792079,
    "recall": 0.1206896551724138,
    "f1": 0.15272727272727274,
    "auroc": 0.6475148241870302,
    "confusion_matrix": [
      [
        1746,
        80
      ],
      [
        153,
        21
      ]
    ],
    "num_no_hallucination": 1826,
    "num_hallucination": 174
  },
  "training_history": {
    "train_loss": [
      0.4733607181310654,
      0.29068802067637445,
      0.2687045155465603,
      0.2556696704924107,
      0.23917099767923355,
      0.23513599979877473,
      0.22268148031830787,
      0.21779039956629276,
      0.21154727986454963,
      0.2042641646116972,
      0.19881384375691413,
      0.19265881842374802,
      0.1903666504174471,
      0.18933083683252336,
      0.17688642391562462,
      0.17871200639009477,
      0.17285191284120083,
      0.17119429065287114,
      0.16698899222910404,
      0.1640176202952862,
      0.16186337023973466,
      0.16479217141866684,
      0.15603717543929815,
      0.15140247955918312,
      0.1542335167825222,
      0.15174005101621152,
      0.14589932323992252,
      0.14655330470204353,
      0.1467910405397415,
      0.14449674013257027,
      0.14138566125929355,
      0.139098908752203,
      0.13841657754033804,
      0.13250403011590242,
      0.13885417956113816,
      0.13381940770894288,
      0.1318536254167557,
      0.12661565938591957,
      0.12931782387942076,
      0.1296958515495062,
      0.12300391847640275,
      0.12430228990316392,
      0.124371203109622,
      0.12282916127145291,
      0.1255066838376224,
      0.11889605314284563,
      0.12097058222442865,
      0.12155922505259514,
      0.12300004754960538,
      0.11485951533913612
    ],
    "train_acc": [
      0.8,
      0.90825,
      0.909875,
      0.911375,
      0.91775,
      0.918125,
      0.918625,
      0.921875,
      0.92475,
      0.923875,
      0.92875,
      0.929625,
      0.930625,
      0.93125,
      0.935,
      0.933375,
      0.93375,
      0.938,
      0.937625,
      0.937875,
      0.937,
      0.93625,
      0.94075,
      0.940125,
      0.94125,
      0.942125,
      0.941625,
      0.942375,
      0.94175,
      0.942375,
      0.941125,
      0.940625,
      0.943,
      0.942375,
      0.94325,
      0.942375,
      0.94225,
      0.94575,
      0.943375,
      0.942375,
      0.945,
      0.945,
      0.946,
      0.94525,
      0.94575,
      0.946375,
      0.945125,
      0.946625,
      0.944625,
      0.947875
    ]
  },
  "config": {
    "H5_DIR": "/root/akhil/HALP_EACL_Models/Models/FastVLM_model/fastvlm_output",
    "CSV_PATH": "/root/akhil/FInal_CSV_Hallucination/fastvlm_manually_reviewed.csv",
    "OUTPUT_DIR": "/root/akhil/probe_training_scripts/fastvlm_model_probe/results/query_token_layer_3n_4",
    "MODEL_NAME": "FastVLM-7B",
    "EMBEDDING_TYPE": "query_token_representation",
    "LAYER_NAME": "layer_21",
    "TARGET_COLUMN": "is_hallucinating_manual",
    "LAYER_SIZES": [
      512,
      256,
      128
    ],
    "DROPOUT_RATE": 0.3,
    "LEARNING_RATE": 0.001,
    "BATCH_SIZE": 32,
    "EPOCHS": 50,
    "TEST_SIZE": 0.2,
    "RANDOM_STATE": 42,
    "DEVICE": "cuda"
  }
}