{
  "model_name": "Phi4-VL",
  "embedding_type": "vision_token_representation",
  "layer_name": "layer_8",
  "target_column": "is_hallucinating_manual",
  "input_dim": 3072,
  "timestamp": "20251003_214034",
  "dataset_statistics": {
    "total_samples": 9767,
    "num_no_hallucination": 8817,
    "num_hallucination": 950,
    "hallucination_percentage": 9.726630490426947
  },
  "train_set": {
    "num_samples": 7813,
    "accuracy": 0.9243568411621657,
    "precision": 0.7492625368731564,
    "recall": 0.33421052631578946,
    "f1": 0.462238398544131,
    "auroc": 0.9521612676949711,
    "confusion_matrix": [
      [
        6968,
        85
      ],
      [
        506,
        254
      ]
    ],
    "num_no_hallucination": 7053,
    "num_hallucination": 760
  },
  "test_set": {
    "num_samples": 1954,
    "accuracy": 0.8879222108495394,
    "precision": 0.29577464788732394,
    "recall": 0.11052631578947368,
    "f1": 0.16091954022988506,
    "auroc": 0.7821055615228547,
    "confusion_matrix": [
      [
        1714,
        50
      ],
      [
        169,
        21
      ]
    ],
    "num_no_hallucination": 1764,
    "num_hallucination": 190
  },
  "training_history": {
    "train_loss": [
      0.3080481940690352,
      0.2689066893896278,
      0.2572767663671046,
      0.254973723876233,
      0.2499825963560416,
      0.24304286010411322,
      0.24230452617820428,
      0.24317423833572135,
      0.23996497012522755,
      0.23579665319043763,
      0.230629301755404,
      0.2327191364400241,
      0.22623617031744547,
      0.23043692084599515,
      0.22812462148009513,
      0.22526613653314356,
      0.22035455317521582,
      0.2178313579334288,
      0.2174065315601777,
      0.21423782926737045,
      0.21525890444006238,
      0.2112856621492882,
      0.21135415301030996,
      0.20582361315586128,
      0.2033487204082158,
      0.2046041126153907,
      0.20319643251749933,
      0.20082352392527522,
      0.20039547125295717,
      0.1960643575203662,
      0.1968529713093018,
      0.1981458122480889,
      0.1967431441405598,
      0.19246413392984138,
      0.1910821432665903,
      0.18854023674312903,
      0.19141526321063237,
      0.18917274944940393,
      0.18747238849802894,
      0.18700131112519575,
      0.18729556011302131,
      0.18475976838749283,
      0.18000782852878375,
      0.18198146972121024,
      0.1773069304927271,
      0.1808315626972792,
      0.1767269780137101,
      0.17637172910023707,
      0.17870375535317828,
      0.17750083100126715
    ],
    "train_acc": [
      0.8887751183924228,
      0.9034941763727121,
      0.9029822091386152,
      0.9024702419045181,
      0.9034941763727121,
      0.9040061436068092,
      0.9031102009471393,
      0.9052860616920517,
      0.9025982337130424,
      0.9038781517982849,
      0.9051580698835274,
      0.9063099961602458,
      0.9055420453091002,
      0.9054140535005759,
      0.9051580698835274,
      0.90643798796877,
      0.9061820043517215,
      0.9066939715858185,
      0.9082298732881096,
      0.907461922436964,
      0.9091258159477793,
      0.908485856905158,
      0.9097657749904006,
      0.9089978241392551,
      0.9091258159477793,
      0.9132215538205555,
      0.9104057340330219,
      0.9123256111608857,
      0.912965570203507,
      0.9132215538205555,
      0.9114296685012159,
      0.9116856521182645,
      0.9114296685012159,
      0.9120696275438372,
      0.9123256111608857,
      0.914501471905798,
      0.915525406373992,
      0.9137335210546526,
      0.9160373736080891,
      0.9153974145654679,
      0.913477537437604,
      0.9136055292461283,
      0.9170613080762832,
      0.9166773326507104,
      0.9170613080762832,
      0.9173172916933316,
      0.9183412261615257,
      0.9194931524382439,
      0.9165493408421861,
      0.920005119672341
    ]
  },
  "config": {
    "H5_DIR": "/root/akhil/HALP_EACL_Models/Models/Phi4_VL/phi4_output",
    "CSV_PATH": "/root/akhil/FInal_CSV_Hallucination/phi4vl_manually_reviewed.csv",
    "OUTPUT_DIR": "/root/akhil/probe_training_scripts/phi4vl_model_probe/results/vision_token_layer8",
    "MODEL_NAME": "Phi4-VL",
    "EMBEDDING_TYPE": "vision_token_representation",
    "LAYER_NAME": "layer_8",
    "TARGET_COLUMN": "is_hallucinating_manual",
    "LAYER_SIZES": [
      512,
      256,
      128
    ],
    "DROPOUT_RATE": 0.3,
    "LEARNING_RATE": 0.001,
    "BATCH_SIZE": 32,
    "EPOCHS": 50,
    "TEST_SIZE": 0.2,
    "RANDOM_STATE": 42,
    "DEVICE": "cuda"
  }
}