{
  "model_name": "FastVLM-7B",
  "embedding_type": "vision_token_representation",
  "layer_name": "layer_0",
  "target_column": "is_hallucinating_manual",
  "input_dim": 3584,
  "timestamp": "20251003_170720",
  "dataset_statistics": {
    "total_samples": 10000,
    "num_no_hallucination": 9130,
    "num_hallucination": 870,
    "hallucination_percentage": 8.7
  },
  "train_set": {
    "num_samples": 8000,
    "accuracy": 0.912375,
    "precision": 0.3684210526315789,
    "recall": 0.010057471264367816,
    "f1": 0.019580419580419582,
    "auroc": 0.7368849418048369,
    "confusion_matrix": [
      [
        7292,
        12
      ],
      [
        689,
        7
      ]
    ],
    "num_no_hallucination": 7304,
    "num_hallucination": 696
  },
  "test_set": {
    "num_samples": 2000,
    "accuracy": 0.9115,
    "precision": 0.0,
    "recall": 0.0,
    "f1": 0.0,
    "auroc": 0.6934650829021415,
    "confusion_matrix": [
      [
        1823,
        3
      ],
      [
        174,
        0
      ]
    ],
    "num_no_hallucination": 1826,
    "num_hallucination": 174
  },
  "training_history": {
    "train_loss": [
      0.46908959484100343,
      0.3116636088192463,
      0.29803374499082563,
      0.2938756745159626,
      0.28977586767077446,
      0.28837533211708066,
      0.2858230747878551,
      0.2840855282843113,
      0.2823451592028141,
      0.2789740746021271,
      0.27967531502246856,
      0.2832664865553379,
      0.27854726895689963,
      0.27767718052864077,
      0.2769430277347565,
      0.27778607654571535,
      0.27179393032193183,
      0.2743455021381378,
      0.2759960070848465,
      0.27816235518455507,
      0.27372077193856237,
      0.2724992928504944,
      0.2697149581313133,
      0.2724528413712978,
      0.2723179570138454,
      0.2736511752009392,
      0.2733246177136898,
      0.27482665014266966,
      0.2734163783490658,
      0.27121924820542337,
      0.27340525418519973,
      0.2716618902385235,
      0.27227544263005254,
      0.27360422813892366,
      0.2726083988249302,
      0.2746562815606594,
      0.27334621554613114,
      0.2713607167303562,
      0.27154609084129333,
      0.2771077047586441,
      0.27212279677391055,
      0.27376596444845197,
      0.2732870793044567,
      0.27084530040621757,
      0.27294346284866333,
      0.27239828687906265,
      0.27160150024294855,
      0.27110300222039224,
      0.2691434404551983,
      0.2708301985561848
    ],
    "train_acc": [
      0.82375,
      0.90775,
      0.909375,
      0.91175,
      0.9105,
      0.91075,
      0.911375,
      0.911375,
      0.912625,
      0.912125,
      0.91275,
      0.912125,
      0.912375,
      0.91275,
      0.91325,
      0.9125,
      0.9125,
      0.91275,
      0.912875,
      0.913,
      0.912875,
      0.912875,
      0.91325,
      0.912875,
      0.912875,
      0.912375,
      0.912625,
      0.91275,
      0.913,
      0.91275,
      0.912875,
      0.912375,
      0.913125,
      0.91275,
      0.913125,
      0.913,
      0.913,
      0.912875,
      0.912875,
      0.913,
      0.91275,
      0.9125,
      0.912875,
      0.913125,
      0.913,
      0.913,
      0.913,
      0.913125,
      0.913125,
      0.913
    ]
  },
  "config": {
    "H5_DIR": "/root/akhil/HALP_EACL_Models/Models/FastVLM_model/fastvlm_output",
    "CSV_PATH": "/root/akhil/FInal_CSV_Hallucination/fastvlm_manually_reviewed.csv",
    "OUTPUT_DIR": "/root/akhil/probe_training_scripts/fastvlm_model_probe/results/vision_token_layer0",
    "MODEL_NAME": "FastVLM-7B",
    "EMBEDDING_TYPE": "vision_token_representation",
    "LAYER_NAME": "layer_0",
    "TARGET_COLUMN": "is_hallucinating_manual",
    "LAYER_SIZES": [
      512,
      256,
      128
    ],
    "DROPOUT_RATE": 0.3,
    "LEARNING_RATE": 0.001,
    "BATCH_SIZE": 32,
    "EPOCHS": 50,
    "TEST_SIZE": 0.2,
    "RANDOM_STATE": 42,
    "DEVICE": "cuda"
  }
}