{
  "model_name": "FastVLM-7B",
  "embedding_type": "vision_token_representation",
  "layer_name": "layer_14",
  "target_column": "is_hallucinating_manual",
  "input_dim": 3584,
  "timestamp": "20251003_170917",
  "dataset_statistics": {
    "total_samples": 10000,
    "num_no_hallucination": 9130,
    "num_hallucination": 870,
    "hallucination_percentage": 8.7
  },
  "train_set": {
    "num_samples": 8000,
    "accuracy": 0.909875,
    "precision": 0.323943661971831,
    "recall": 0.033045977011494254,
    "f1": 0.05997392438070404,
    "auroc": 0.7387590133260313,
    "confusion_matrix": [
      [
        7256,
        48
      ],
      [
        673,
        23
      ]
    ],
    "num_no_hallucination": 7304,
    "num_hallucination": 696
  },
  "test_set": {
    "num_samples": 2000,
    "accuracy": 0.907,
    "precision": 0.16666666666666666,
    "recall": 0.017241379310344827,
    "f1": 0.03125,
    "auroc": 0.7093058755397766,
    "confusion_matrix": [
      [
        1811,
        15
      ],
      [
        171,
        3
      ]
    ],
    "num_no_hallucination": 1826,
    "num_hallucination": 174
  },
  "training_history": {
    "train_loss": [
      0.47882420736551284,
      0.3099698994755745,
      0.30037113842368124,
      0.29839479249715806,
      0.29681623935699464,
      0.29530360516905785,
      0.2888568838536739,
      0.2861252929866314,
      0.28936119535565374,
      0.2870378104150295,
      0.2831787321269512,
      0.2836446325182915,
      0.2849455830156803,
      0.28257799562811853,
      0.2849438475072384,
      0.2806946324110031,
      0.2799644565880299,
      0.28068723556399344,
      0.28003310233354567,
      0.2808987219035625,
      0.2811644552052021,
      0.28357413089275363,
      0.2766616427898407,
      0.2791425883769989,
      0.28098607924580576,
      0.2799589241743088,
      0.27715705835819243,
      0.27776459586620333,
      0.28067543217539787,
      0.2796026739180088,
      0.2751123302280903,
      0.2781601132452488,
      0.2752925162613392,
      0.27581225863099096,
      0.2757326701283455,
      0.2763659410476685,
      0.2740809041261673,
      0.2755279453992844,
      0.27690808394551275,
      0.2747089647650719,
      0.2749615530669689,
      0.2742728918790817,
      0.27161397287249567,
      0.2742937771975994,
      0.2747287874817848,
      0.27279561120271684,
      0.27211614629626274,
      0.2726423629522324,
      0.27560576105117796,
      0.27305252420902254
    ],
    "train_acc": [
      0.813875,
      0.909625,
      0.911875,
      0.912,
      0.911125,
      0.91175,
      0.91225,
      0.911875,
      0.91175,
      0.913,
      0.912375,
      0.9125,
      0.91225,
      0.91275,
      0.912125,
      0.913,
      0.912875,
      0.912875,
      0.912875,
      0.912375,
      0.913,
      0.912875,
      0.913,
      0.912875,
      0.913,
      0.913,
      0.912875,
      0.913125,
      0.913,
      0.913,
      0.913,
      0.913,
      0.913,
      0.913,
      0.91275,
      0.913,
      0.913125,
      0.912625,
      0.913,
      0.91325,
      0.913,
      0.913,
      0.91275,
      0.912875,
      0.91325,
      0.913,
      0.912875,
      0.912875,
      0.913,
      0.913
    ]
  },
  "config": {
    "H5_DIR": "/root/akhil/HALP_EACL_Models/Models/FastVLM_model/fastvlm_output",
    "CSV_PATH": "/root/akhil/FInal_CSV_Hallucination/fastvlm_manually_reviewed.csv",
    "OUTPUT_DIR": "/root/akhil/probe_training_scripts/fastvlm_model_probe/results/vision_token_layer_n_2",
    "MODEL_NAME": "FastVLM-7B",
    "EMBEDDING_TYPE": "vision_token_representation",
    "LAYER_NAME": "layer_14",
    "TARGET_COLUMN": "is_hallucinating_manual",
    "LAYER_SIZES": [
      512,
      256,
      128
    ],
    "DROPOUT_RATE": 0.3,
    "LEARNING_RATE": 0.001,
    "BATCH_SIZE": 32,
    "EPOCHS": 50,
    "TEST_SIZE": 0.2,
    "RANDOM_STATE": 42,
    "DEVICE": "cuda"
  }
}