{
  "model_name": "FastVLM-7B",
  "embedding_type": "vision_token_representation",
  "layer_name": "layer_7",
  "target_column": "is_hallucinating_manual",
  "input_dim": 3584,
  "timestamp": "20251003_170819",
  "dataset_statistics": {
    "total_samples": 10000,
    "num_no_hallucination": 9130,
    "num_hallucination": 870,
    "hallucination_percentage": 8.7
  },
  "train_set": {
    "num_samples": 8000,
    "accuracy": 0.909375,
    "precision": 0.22641509433962265,
    "recall": 0.017241379310344827,
    "f1": 0.03204272363150868,
    "auroc": 0.7499389210446803,
    "confusion_matrix": [
      [
        7263,
        41
      ],
      [
        684,
        12
      ]
    ],
    "num_no_hallucination": 7304,
    "num_hallucination": 696
  },
  "test_set": {
    "num_samples": 2000,
    "accuracy": 0.907,
    "precision": 0.0,
    "recall": 0.0,
    "f1": 0.0,
    "auroc": 0.6957028741926956,
    "confusion_matrix": [
      [
        1814,
        12
      ],
      [
        174,
        0
      ]
    ],
    "num_no_hallucination": 1826,
    "num_hallucination": 174
  },
  "training_history": {
    "train_loss": [
      0.4779400931596756,
      0.31306906095147136,
      0.2987322996556759,
      0.30061056616902354,
      0.29784627988934514,
      0.2916866618990898,
      0.290004991710186,
      0.2909325959086418,
      0.28716730704903604,
      0.28623927843570707,
      0.2876089846789837,
      0.28538059735298155,
      0.27927333748340605,
      0.28358044746518135,
      0.28167407801747324,
      0.2821419696509838,
      0.2783478660285473,
      0.28129632052779197,
      0.2794153438210487,
      0.2826568106412888,
      0.28135850647091865,
      0.28138905808329584,
      0.2778840352296829,
      0.27630467438697814,
      0.2761567026674748,
      0.2754022767543793,
      0.2750573501586914,
      0.27330824980139734,
      0.2773023093640804,
      0.2771048804819584,
      0.27100369933247564,
      0.2716163889169693,
      0.2770204665362835,
      0.2769388689696789,
      0.2726237744688988,
      0.2774522666633129,
      0.27738605260849,
      0.27341239765286446,
      0.2750800047814846,
      0.2722907613813877,
      0.2735234641134739,
      0.2717533321082592,
      0.270823058873415,
      0.27405052042007444,
      0.27358068752288817,
      0.2718048863112926,
      0.271990827947855,
      0.27079086494445803,
      0.27026804292201995,
      0.2698607759773731
    ],
    "train_acc": [
      0.8125,
      0.90975,
      0.911625,
      0.91075,
      0.910625,
      0.9115,
      0.912125,
      0.912,
      0.912875,
      0.912125,
      0.912875,
      0.91275,
      0.912625,
      0.913125,
      0.91225,
      0.912875,
      0.912625,
      0.912875,
      0.91225,
      0.912875,
      0.91275,
      0.91275,
      0.91275,
      0.912875,
      0.912625,
      0.912625,
      0.912875,
      0.912875,
      0.913,
      0.913,
      0.913125,
      0.91275,
      0.913125,
      0.913125,
      0.913125,
      0.913,
      0.912875,
      0.913,
      0.913,
      0.912875,
      0.912875,
      0.913125,
      0.913125,
      0.913,
      0.913125,
      0.913125,
      0.913125,
      0.912875,
      0.913,
      0.913
    ]
  },
  "config": {
    "H5_DIR": "/root/akhil/HALP_EACL_Models/Models/FastVLM_model/fastvlm_output",
    "CSV_PATH": "/root/akhil/FInal_CSV_Hallucination/fastvlm_manually_reviewed.csv",
    "OUTPUT_DIR": "/root/akhil/probe_training_scripts/fastvlm_model_probe/results/vision_token_layer_n_4",
    "MODEL_NAME": "FastVLM-7B",
    "EMBEDDING_TYPE": "vision_token_representation",
    "LAYER_NAME": "layer_7",
    "TARGET_COLUMN": "is_hallucinating_manual",
    "LAYER_SIZES": [
      512,
      256,
      128
    ],
    "DROPOUT_RATE": 0.3,
    "LEARNING_RATE": 0.001,
    "BATCH_SIZE": 32,
    "EPOCHS": 50,
    "TEST_SIZE": 0.2,
    "RANDOM_STATE": 42,
    "DEVICE": "cuda"
  }
}