{
  "model_name": "LLaVa-Next-8B",
  "embedding_type": "vision_only_representation",
  "layer_name": null,
  "target_column": "is_hallucinating_manual",
  "input_dim": 2928,
  "timestamp": "20251003_173841",
  "dataset_statistics": {
    "total_samples": 10000,
    "num_no_hallucination": 8641,
    "num_hallucination": 1359,
    "hallucination_percentage": 13.59
  },
  "train_set": {
    "num_samples": 8000,
    "accuracy": 0.8955,
    "precision": 0.861671469740634,
    "recall": 0.2750689972401104,
    "f1": 0.41701534170153415,
    "auroc": 0.9389205250537266,
    "confusion_matrix": [
      [
        6865,
        48
      ],
      [
        788,
        299
      ]
    ],
    "num_no_hallucination": 6913,
    "num_hallucination": 1087
  },
  "test_set": {
    "num_samples": 2000,
    "accuracy": 0.838,
    "precision": 0.27586206896551724,
    "recall": 0.11764705882352941,
    "f1": 0.16494845360824742,
    "auroc": 0.6107568678513071,
    "confusion_matrix": [
      [
        1644,
        84
      ],
      [
        240,
        32
      ]
    ],
    "num_no_hallucination": 1728,
    "num_hallucination": 272
  },
  "training_history": {
    "train_loss": [
      0.532017365694046,
      0.38880797630548475,
      0.3582486959695816,
      0.34114521318674085,
      0.3197504066228867,
      0.3040914600491524,
      0.295124059677124,
      0.2872551912665367,
      0.27492593771219254,
      0.26779950749874115,
      0.2686209877133369,
      0.2588019708395004,
      0.2572407555282116,
      0.24911066496372222,
      0.2509082578420639,
      0.24580004340410233,
      0.23973931699991227,
      0.24171566197276115,
      0.23907204300165177,
      0.23943387612700462,
      0.2328436892926693,
      0.2326304468512535,
      0.2331279608607292,
      0.2290304588973522,
      0.2279197680950165,
      0.22370732420682907,
      0.22555698356032372,
      0.226723076492548,
      0.22569053754210472,
      0.2226856765449047,
      0.22061663436889647,
      0.22156267531216145,
      0.22322886154055596,
      0.2207110139131546,
      0.21868314558267593,
      0.21511352145671844,
      0.22136531820893288,
      0.2171952260285616,
      0.21396206215023994,
      0.21594830492138864,
      0.21123964077234267,
      0.21420389020442962,
      0.21613450318574906,
      0.215818184196949,
      0.21193334874510766,
      0.21162217819690704,
      0.2113650389313698,
      0.2080253660082817,
      0.21432669389247894,
      0.2099889604449272
    ],
    "train_acc": [
      0.758,
      0.86125,
      0.861875,
      0.863625,
      0.8635,
      0.8665,
      0.86525,
      0.86725,
      0.86925,
      0.871875,
      0.8685,
      0.87575,
      0.878,
      0.87575,
      0.877875,
      0.879,
      0.879,
      0.88,
      0.882625,
      0.881125,
      0.88375,
      0.88575,
      0.884625,
      0.88375,
      0.886625,
      0.886625,
      0.88775,
      0.889625,
      0.887375,
      0.887625,
      0.889375,
      0.88825,
      0.885625,
      0.886625,
      0.888,
      0.889125,
      0.889375,
      0.89025,
      0.890375,
      0.88975,
      0.891375,
      0.88775,
      0.887,
      0.8875,
      0.889,
      0.8895,
      0.891375,
      0.88875,
      0.890125,
      0.89325
    ]
  },
  "config": {
    "H5_DIR": "/root/akhil/HALP_EACL_Models/Models/LLaVa_model/llava_output",
    "CSV_PATH": "/root/akhil/FInal_CSV_Hallucination/llava_manually_reviewed.csv",
    "OUTPUT_DIR": "/root/akhil/probe_training_scripts/llava_model_probe/results/vision_only",
    "MODEL_NAME": "LLaVa-Next-8B",
    "EMBEDDING_TYPE": "vision_only_representation",
    "LAYER_NAME": null,
    "TARGET_COLUMN": "is_hallucinating_manual",
    "LAYER_SIZES": [
      512,
      256,
      128
    ],
    "DROPOUT_RATE": 0.3,
    "LEARNING_RATE": 0.001,
    "BATCH_SIZE": 32,
    "EPOCHS": 50,
    "TEST_SIZE": 0.2,
    "RANDOM_STATE": 42,
    "DEVICE": "cuda"
  }
}