{
  "model_name": "Qwen2.5-VL-7B",
  "embedding_type": "query_token_representation",
  "layer_name": "layer_0",
  "target_column": "is_hallucinating_manual",
  "input_dim": 3584,
  "timestamp": "20251003_182509",
  "dataset_statistics": {
    "total_samples": 10000,
    "num_no_hallucination": 9394,
    "num_hallucination": 606,
    "hallucination_percentage": 6.0600000000000005
  },
  "train_set": {
    "num_samples": 8000,
    "accuracy": 0.949875,
    "precision": 0.8333333333333334,
    "recall": 0.21649484536082475,
    "f1": 0.3436988543371522,
    "auroc": 0.9584306301486374,
    "confusion_matrix": [
      [
        7494,
        21
      ],
      [
        380,
        105
      ]
    ],
    "num_no_hallucination": 7515,
    "num_hallucination": 485
  },
  "test_set": {
    "num_samples": 2000,
    "accuracy": 0.937,
    "precision": 0.41935483870967744,
    "recall": 0.10743801652892562,
    "f1": 0.17105263157894737,
    "auroc": 0.8614042109615191,
    "confusion_matrix": [
      [
        1861,
        18
      ],
      [
        108,
        13
      ]
    ],
    "num_no_hallucination": 1879,
    "num_hallucination": 121
  },
  "training_history": {
    "train_loss": [
      0.4152800340950489,
      0.2201301834732294,
      0.20917136012017726,
      0.19494930523633958,
      0.1893145560324192,
      0.18317340874671936,
      0.17870539620518686,
      0.17720661726593973,
      0.17586159785091876,
      0.1733758198171854,
      0.17332785761356354,
      0.1706042735874653,
      0.16724942180514335,
      0.16876402170956134,
      0.16760173745453358,
      0.1658868267685175,
      0.16232367335259915,
      0.16115077838301659,
      0.15951543840765953,
      0.16005948904156686,
      0.15883635941147806,
      0.16098594917356968,
      0.15636143366992475,
      0.15691999772191048,
      0.1543005589991808,
      0.154430454403162,
      0.1514324115216732,
      0.15265249490737914,
      0.14918991550803185,
      0.14867761912941932,
      0.14929550224542618,
      0.14780571879446505,
      0.1448635039627552,
      0.14531103107333182,
      0.14605131016671657,
      0.14470314011722804,
      0.14446677936613558,
      0.14137084126472474,
      0.1432770815640688,
      0.13869658982008695,
      0.1384887543320656,
      0.1371896453946829,
      0.1377499017044902,
      0.13854132653027773,
      0.13393601218611,
      0.1325656232982874,
      0.13613598626852036,
      0.1357206808105111,
      0.13535012862086296,
      0.12869949850440027
    ],
    "train_acc": [
      0.8525,
      0.93525,
      0.9345,
      0.9365,
      0.936875,
      0.93925,
      0.938625,
      0.93875,
      0.9395,
      0.93775,
      0.939625,
      0.939125,
      0.938875,
      0.938875,
      0.93875,
      0.941125,
      0.941,
      0.9415,
      0.941,
      0.941,
      0.9415,
      0.942125,
      0.94225,
      0.942,
      0.94075,
      0.942,
      0.94325,
      0.940375,
      0.94125,
      0.94425,
      0.94325,
      0.941375,
      0.94425,
      0.94425,
      0.9435,
      0.94525,
      0.945875,
      0.946125,
      0.94425,
      0.944,
      0.94475,
      0.942875,
      0.944625,
      0.944375,
      0.946,
      0.94525,
      0.945375,
      0.944375,
      0.94525,
      0.944625
    ]
  },
  "config": {
    "H5_DIR": "/root/akhil/HALP_EACL_Models/Models/Qwen25_VL/qwen25_output",
    "CSV_PATH": "/root/akhil/FInal_CSV_Hallucination/qwen25vl_manually_reviewed.csv",
    "OUTPUT_DIR": "/root/akhil/probe_training_scripts/qwen25vl_model_probe/results/query_token_layer0",
    "MODEL_NAME": "Qwen2.5-VL-7B",
    "EMBEDDING_TYPE": "query_token_representation",
    "LAYER_NAME": "layer_0",
    "TARGET_COLUMN": "is_hallucinating_manual",
    "LAYER_SIZES": [
      512,
      256,
      128
    ],
    "DROPOUT_RATE": 0.3,
    "LEARNING_RATE": 0.001,
    "BATCH_SIZE": 32,
    "EPOCHS": 50,
    "TEST_SIZE": 0.2,
    "RANDOM_STATE": 42,
    "DEVICE": "cuda"
  }
}