{
  "model_name": "FastVLM-7B",
  "embedding_type": "query_token_representation",
  "layer_name": "layer_0",
  "target_column": "is_hallucinating_manual",
  "input_dim": 3584,
  "timestamp": "20251003_171204",
  "dataset_statistics": {
    "total_samples": 10000,
    "num_no_hallucination": 9130,
    "num_hallucination": 870,
    "hallucination_percentage": 8.7
  },
  "train_set": {
    "num_samples": 8000,
    "accuracy": 0.939625,
    "precision": 0.7766233766233767,
    "recall": 0.4295977011494253,
    "f1": 0.5531914893617021,
    "auroc": 0.9513721028313883,
    "confusion_matrix": [
      [
        7218,
        86
      ],
      [
        397,
        299
      ]
    ],
    "num_no_hallucination": 7304,
    "num_hallucination": 696
  },
  "test_set": {
    "num_samples": 2000,
    "accuracy": 0.891,
    "precision": 0.225,
    "recall": 0.10344827586206896,
    "f1": 0.14173228346456693,
    "auroc": 0.6715451146277901,
    "confusion_matrix": [
      [
        1764,
        62
      ],
      [
        156,
        18
      ]
    ],
    "num_no_hallucination": 1826,
    "num_hallucination": 174
  },
  "training_history": {
    "train_loss": [
      0.47646176362037657,
      0.3020604829788208,
      0.28924407830834387,
      0.2817848535478115,
      0.2726454135775566,
      0.2645925117433071,
      0.2595890490114689,
      0.2573276644051075,
      0.2500397091805935,
      0.24781371983885764,
      0.24531154823303222,
      0.23499950179457665,
      0.23407355542480945,
      0.23237360414862632,
      0.23017659783363342,
      0.22628378292918205,
      0.22269506508111953,
      0.22355012494325638,
      0.21608909371495247,
      0.2178444002121687,
      0.21261380948126316,
      0.21024092116951942,
      0.2131975654065609,
      0.20545761838555335,
      0.20555585411190985,
      0.2012691816687584,
      0.1991988689750433,
      0.19969744753837584,
      0.19777062882483004,
      0.19266277241706847,
      0.19425003638863564,
      0.18636978632211684,
      0.19135274565219879,
      0.18887819170951844,
      0.18654848404228688,
      0.18284509897232057,
      0.1820680635124445,
      0.18057687373459338,
      0.18361734773218633,
      0.18140691171586515,
      0.17934839807450773,
      0.17720518739521504,
      0.1788821493089199,
      0.17861252163350583,
      0.17752091838419437,
      0.17266625574231148,
      0.17134454968571664,
      0.17283928018808364,
      0.1694618546962738,
      0.16366574883461
    ],
    "train_acc": [
      0.807875,
      0.905375,
      0.909875,
      0.91,
      0.909375,
      0.911875,
      0.91175,
      0.913125,
      0.915125,
      0.913375,
      0.913375,
      0.918,
      0.917125,
      0.918375,
      0.9195,
      0.92025,
      0.919,
      0.91975,
      0.923375,
      0.922375,
      0.9215,
      0.922375,
      0.922375,
      0.9225,
      0.924,
      0.924,
      0.9265,
      0.9265,
      0.926375,
      0.92925,
      0.92725,
      0.9295,
      0.929625,
      0.9275,
      0.930125,
      0.932,
      0.929375,
      0.932375,
      0.92925,
      0.92925,
      0.933,
      0.9325,
      0.932875,
      0.932625,
      0.933625,
      0.93025,
      0.933875,
      0.9315,
      0.929875,
      0.934625
    ]
  },
  "config": {
    "H5_DIR": "/root/akhil/HALP_EACL_Models/Models/FastVLM_model/fastvlm_output",
    "CSV_PATH": "/root/akhil/FInal_CSV_Hallucination/fastvlm_manually_reviewed.csv",
    "OUTPUT_DIR": "/root/akhil/probe_training_scripts/fastvlm_model_probe/results/query_token_layer0",
    "MODEL_NAME": "FastVLM-7B",
    "EMBEDDING_TYPE": "query_token_representation",
    "LAYER_NAME": "layer_0",
    "TARGET_COLUMN": "is_hallucinating_manual",
    "LAYER_SIZES": [
      512,
      256,
      128
    ],
    "DROPOUT_RATE": 0.3,
    "LEARNING_RATE": 0.001,
    "BATCH_SIZE": 32,
    "EPOCHS": 50,
    "TEST_SIZE": 0.2,
    "RANDOM_STATE": 42,
    "DEVICE": "cuda"
  }
}