{
  "model_name": "FastVLM-7B",
  "embedding_type": "query_token_representation",
  "layer_name": "layer_14",
  "target_column": "is_hallucinating_manual",
  "input_dim": 3584,
  "timestamp": "20251003_171350",
  "dataset_statistics": {
    "total_samples": 10000,
    "num_no_hallucination": 9130,
    "num_hallucination": 870,
    "hallucination_percentage": 8.7
  },
  "train_set": {
    "num_samples": 8000,
    "accuracy": 0.946125,
    "precision": 0.7523809523809524,
    "recall": 0.5675287356321839,
    "f1": 0.647010647010647,
    "auroc": 0.9666035812529113,
    "confusion_matrix": [
      [
        7174,
        130
      ],
      [
        301,
        395
      ]
    ],
    "num_no_hallucination": 7304,
    "num_hallucination": 696
  },
  "test_set": {
    "num_samples": 2000,
    "accuracy": 0.8855,
    "precision": 0.1978021978021978,
    "recall": 0.10344827586206896,
    "f1": 0.13584905660377358,
    "auroc": 0.6139038914277801,
    "confusion_matrix": [
      [
        1753,
        73
      ],
      [
        156,
        18
      ]
    ],
    "num_no_hallucination": 1826,
    "num_hallucination": 174
  },
  "training_history": {
    "train_loss": [
      0.460199665248394,
      0.287331523001194,
      0.2655244697928429,
      0.2501101810932159,
      0.24215082621574402,
      0.2268036036491394,
      0.2207386530190706,
      0.21328944274783135,
      0.20602414044737816,
      0.20087829016149045,
      0.19160422460734844,
      0.1911081194728613,
      0.18585518524050712,
      0.18052411890029907,
      0.17759651634097098,
      0.1740225372761488,
      0.17012972135841847,
      0.16627489027380943,
      0.16387157724797727,
      0.16202290426194668,
      0.1518556966111064,
      0.15800420889258385,
      0.15421283660829066,
      0.14645091703534127,
      0.14732811763882636,
      0.15068447482585906,
      0.1391623560935259,
      0.1379857640862465,
      0.1438674763739109,
      0.1369920932278037,
      0.14222834631800652,
      0.13455946914851666,
      0.1379112048894167,
      0.1343331216350198,
      0.13713164868205785,
      0.13734617498517038,
      0.1311629776507616,
      0.13201594541966916,
      0.12987354508042334,
      0.12379502049088478,
      0.12481967738270759,
      0.12482222261652351,
      0.1291552273258567,
      0.11948747730255127,
      0.12588485030084848,
      0.12163621560484171,
      0.12302738059312106,
      0.12035826626420021,
      0.11881814679130911,
      0.11772929713875055
    ],
    "train_acc": [
      0.818125,
      0.90675,
      0.91025,
      0.915625,
      0.9145,
      0.917875,
      0.92025,
      0.925,
      0.927125,
      0.92775,
      0.927875,
      0.929375,
      0.929625,
      0.931875,
      0.934875,
      0.93525,
      0.935625,
      0.935375,
      0.937875,
      0.9355,
      0.94,
      0.938875,
      0.940625,
      0.94325,
      0.940125,
      0.939,
      0.942625,
      0.942375,
      0.937875,
      0.9425,
      0.940375,
      0.942,
      0.943,
      0.941,
      0.942,
      0.9425,
      0.943625,
      0.942625,
      0.941375,
      0.943125,
      0.943625,
      0.94225,
      0.94325,
      0.9445,
      0.945375,
      0.944,
      0.94675,
      0.945875,
      0.945625,
      0.945875
    ]
  },
  "config": {
    "H5_DIR": "/root/akhil/HALP_EACL_Models/Models/FastVLM_model/fastvlm_output",
    "CSV_PATH": "/root/akhil/FInal_CSV_Hallucination/fastvlm_manually_reviewed.csv",
    "OUTPUT_DIR": "/root/akhil/probe_training_scripts/fastvlm_model_probe/results/query_token_layer_n_2",
    "MODEL_NAME": "FastVLM-7B",
    "EMBEDDING_TYPE": "query_token_representation",
    "LAYER_NAME": "layer_14",
    "TARGET_COLUMN": "is_hallucinating_manual",
    "LAYER_SIZES": [
      512,
      256,
      128
    ],
    "DROPOUT_RATE": 0.3,
    "LEARNING_RATE": 0.001,
    "BATCH_SIZE": 32,
    "EPOCHS": 50,
    "TEST_SIZE": 0.2,
    "RANDOM_STATE": 42,
    "DEVICE": "cuda"
  }
}