{
  "model_name": "Molmo-V1",
  "embedding_type": "query_token_representation",
  "layer_name": "layer_16",
  "target_column": "is_hallucinating_manual",
  "input_dim": 4096,
  "timestamp": "20251003_181619",
  "dataset_statistics": {
    "total_samples": 10000,
    "num_no_hallucination": 8795,
    "num_hallucination": 1205,
    "hallucination_percentage": 12.049999999999999
  },
  "train_set": {
    "num_samples": 8000,
    "accuracy": 0.96475,
    "precision": 0.9571045576407506,
    "recall": 0.7406639004149378,
    "f1": 0.8350877192982457,
    "auroc": 0.9935474111799659,
    "confusion_matrix": [
      [
        7004,
        32
      ],
      [
        250,
        714
      ]
    ],
    "num_no_hallucination": 7036,
    "num_hallucination": 964
  },
  "test_set": {
    "num_samples": 2000,
    "accuracy": 0.9095,
    "precision": 0.6923076923076923,
    "recall": 0.44813278008298757,
    "f1": 0.5440806045340051,
    "auroc": 0.9365232509040642,
    "confusion_matrix": [
      [
        1711,
        48
      ],
      [
        133,
        108
      ]
    ],
    "num_no_hallucination": 1759,
    "num_hallucination": 241
  },
  "training_history": {
    "train_loss": [
      0.44921313285827635,
      0.26596848636865617,
      0.2321757097542286,
      0.21908157229423522,
      0.21059552016854285,
      0.19956024891138077,
      0.19488958290219308,
      0.19049171949923038,
      0.18746272560954094,
      0.18195051211118698,
      0.17803743974864483,
      0.17239934128522874,
      0.16800482991337776,
      0.16442140175402165,
      0.16376876294612885,
      0.16072338722646237,
      0.15726729895174504,
      0.16066192069649696,
      0.1557302535623312,
      0.1509522486925125,
      0.14909816339612006,
      0.14725555859506131,
      0.14656882529705764,
      0.14652094199508428,
      0.14154093109816313,
      0.135388215392828,
      0.1368047287352383,
      0.13715662314742805,
      0.13182312770932914,
      0.12852617151290177,
      0.12798630587011575,
      0.129294083699584,
      0.12127717773988843,
      0.13200423101708292,
      0.12058457747846842,
      0.11913538463041186,
      0.12124116696417332,
      0.12167756854742766,
      0.11255561403930187,
      0.10857716296240687,
      0.11336187519878149,
      0.1125705030746758,
      0.11485701462998986,
      0.11214848351478576,
      0.10563409071601927,
      0.11131326203793288,
      0.104522157240659,
      0.10756898154318333,
      0.10748677887767553,
      0.10070341155305505
    ],
    "train_acc": [
      0.79625,
      0.8865,
      0.9015,
      0.897125,
      0.901,
      0.90875,
      0.909875,
      0.914875,
      0.9115,
      0.9165,
      0.917,
      0.919875,
      0.9175,
      0.92425,
      0.923,
      0.922625,
      0.92675,
      0.925875,
      0.92625,
      0.9295,
      0.930875,
      0.9315,
      0.93475,
      0.933,
      0.937,
      0.937125,
      0.9375,
      0.935375,
      0.937375,
      0.94,
      0.94175,
      0.939875,
      0.944375,
      0.93925,
      0.946875,
      0.947375,
      0.947,
      0.942,
      0.951375,
      0.95275,
      0.9515,
      0.947625,
      0.946625,
      0.950625,
      0.953375,
      0.95475,
      0.951375,
      0.952875,
      0.951875,
      0.95525
    ]
  },
  "config": {
    "H5_DIR": "/root/akhil/HALP_EACL_Models/Models/Molmo_V1/molmo_output",
    "CSV_PATH": "/root/akhil/FInal_CSV_Hallucination/molmo_manually_reviewed.csv",
    "OUTPUT_DIR": "/root/akhil/probe_training_scripts/molmo_model_probe/results/query_token_layer_n_2",
    "MODEL_NAME": "Molmo-V1",
    "EMBEDDING_TYPE": "query_token_representation",
    "LAYER_NAME": "layer_16",
    "TARGET_COLUMN": "is_hallucinating_manual",
    "LAYER_SIZES": [
      512,
      256,
      128
    ],
    "DROPOUT_RATE": 0.3,
    "LEARNING_RATE": 0.001,
    "BATCH_SIZE": 32,
    "EPOCHS": 50,
    "TEST_SIZE": 0.2,
    "RANDOM_STATE": 42,
    "DEVICE": "cuda"
  }
}