{
  "model_name": "Phi4-VL",
  "embedding_type": "query_token_representation",
  "layer_name": "layer_31",
  "target_column": "is_hallucinating_manual",
  "input_dim": 3072,
  "timestamp": "20251003_214906",
  "dataset_statistics": {
    "total_samples": 9767,
    "num_no_hallucination": 8817,
    "num_hallucination": 950,
    "hallucination_percentage": 9.726630490426947
  },
  "train_set": {
    "num_samples": 7813,
    "accuracy": 0.9841290157429925,
    "precision": 0.8906633906633906,
    "recall": 0.9539473684210527,
    "f1": 0.9212198221092758,
    "auroc": 0.9980330318565449,
    "confusion_matrix": [
      [
        6964,
        89
      ],
      [
        35,
        725
      ]
    ],
    "num_no_hallucination": 7053,
    "num_hallucination": 760
  },
  "test_set": {
    "num_samples": 1954,
    "accuracy": 0.9155578300921188,
    "precision": 0.5683060109289617,
    "recall": 0.5473684210526316,
    "f1": 0.5576407506702413,
    "auroc": 0.903344671201814,
    "confusion_matrix": [
      [
        1685,
        79
      ],
      [
        86,
        104
      ]
    ],
    "num_no_hallucination": 1764,
    "num_hallucination": 190
  },
  "training_history": {
    "train_loss": [
      0.27902754657730766,
      0.2100608347782067,
      0.1930843479779302,
      0.17739309598596728,
      0.1738239053560763,
      0.1668134194095524,
      0.16373334496225023,
      0.15511034598231924,
      0.14908120642815317,
      0.1504135552717715,
      0.14052819174771405,
      0.13841255102686736,
      0.13734182793723076,
      0.12536055932999873,
      0.12738977687395348,
      0.12599218625347225,
      0.1430914350006045,
      0.13055012844959085,
      0.11565179793278174,
      0.12098977984670474,
      0.11288873774132559,
      0.10888690228516958,
      0.10485060540198976,
      0.10579617525241813,
      0.10069792603655738,
      0.09784415176670466,
      0.09503511037221368,
      0.09658652232693775,
      0.0928486446564903,
      0.0986998163296708,
      0.09168972131435056,
      0.08758026846133325,
      0.08560196437625861,
      0.08725725552257227,
      0.08283415964890119,
      0.07882336911232192,
      0.07807516223865048,
      0.07575529236631581,
      0.07573819086145686,
      0.07756015225978834,
      0.0744501233652082,
      0.07392166516677078,
      0.07401950812841557,
      0.08302552564715852,
      0.07087490783757246,
      0.06976585761805502,
      0.07196868326971118,
      0.06934283441122698,
      0.06976491721627322,
      0.06635575325665426
    ],
    "train_acc": [
      0.8849353641366953,
      0.9037501599897606,
      0.9057980289261487,
      0.9125815947779342,
      0.912965570203507,
      0.9146294637143223,
      0.922564955842826,
      0.9258927428644567,
      0.928068603609369,
      0.927556636375272,
      0.9307564315883784,
      0.9338282349929604,
      0.9360040957378728,
      0.940099833610649,
      0.9374120056316396,
      0.9412517598873672,
      0.9427876615896582,
      0.9383079482913094,
      0.949699219249968,
      0.9436836042493281,
      0.9458594649942403,
      0.9505951619096378,
      0.9517470881863561,
      0.9498272110584922,
      0.9534109816971714,
      0.9541789325483169,
      0.956226801484705,
      0.9548188915909381,
      0.956738768718802,
      0.9585306540381415,
      0.9563547932932293,
      0.9605785229745296,
      0.9573787277614233,
      0.9592986048892871,
      0.9608345065915781,
      0.9616024574427237,
      0.9650582362728786,
      0.9649302444643543,
      0.9650582362728786,
      0.964290285421733,
      0.9644182772302573,
      0.9635223345705874,
      0.9655702035069755,
      0.9614744656341994,
      0.9673620888263151,
      0.9669781134007424,
      0.9669781134007424,
      0.9676180724433636,
      0.9696659413797517,
      0.9683860232945092
    ]
  },
  "config": {
    "H5_DIR": "/root/akhil/HALP_EACL_Models/Models/Phi4_VL/phi4_output",
    "CSV_PATH": "/root/akhil/FInal_CSV_Hallucination/phi4vl_manually_reviewed.csv",
    "OUTPUT_DIR": "/root/akhil/probe_training_scripts/phi4vl_model_probe/results/query_token_layer31",
    "MODEL_NAME": "Phi4-VL",
    "EMBEDDING_TYPE": "query_token_representation",
    "LAYER_NAME": "layer_31",
    "TARGET_COLUMN": "is_hallucinating_manual",
    "LAYER_SIZES": [
      512,
      256,
      128
    ],
    "DROPOUT_RATE": 0.3,
    "LEARNING_RATE": 0.001,
    "BATCH_SIZE": 32,
    "EPOCHS": 50,
    "TEST_SIZE": 0.2,
    "RANDOM_STATE": 42,
    "DEVICE": "cuda"
  }
}