{
  "model_name": "FastVLM-7B",
  "embedding_type": "vision_token_representation",
  "layer_name": "layer_27",
  "target_column": "is_hallucinating_manual",
  "input_dim": 3584,
  "timestamp": "20251003_171103",
  "dataset_statistics": {
    "total_samples": 10000,
    "num_no_hallucination": 9130,
    "num_hallucination": 870,
    "hallucination_percentage": 8.7
  },
  "train_set": {
    "num_samples": 8000,
    "accuracy": 0.912625,
    "precision": 0.4117647058823529,
    "recall": 0.010057471264367816,
    "f1": 0.019635343618513323,
    "auroc": 0.7501253052964209,
    "confusion_matrix": [
      [
        7294,
        10
      ],
      [
        689,
        7
      ]
    ],
    "num_no_hallucination": 7304,
    "num_hallucination": 696
  },
  "test_set": {
    "num_samples": 2000,
    "accuracy": 0.912,
    "precision": 0.0,
    "recall": 0.0,
    "f1": 0.0,
    "auroc": 0.7028474399164054,
    "confusion_matrix": [
      [
        1824,
        2
      ],
      [
        174,
        0
      ]
    ],
    "num_no_hallucination": 1826,
    "num_hallucination": 174
  },
  "training_history": {
    "train_loss": [
      0.478224070250988,
      0.3110148198008537,
      0.30180024817585943,
      0.29860737797617914,
      0.2984747078418732,
      0.2915715451836586,
      0.29078439143300056,
      0.2870644688606262,
      0.28685708698630336,
      0.285153875797987,
      0.28474997547268865,
      0.2819313589632511,
      0.28248137965798376,
      0.2806643052697182,
      0.28278042954206467,
      0.28032050290703775,
      0.2805411601960659,
      0.2790576608777046,
      0.2786192565560341,
      0.2783716793060303,
      0.27757810258865356,
      0.2763545506298542,
      0.27636786857247353,
      0.27380951008200644,
      0.27778089132905004,
      0.27554831057786944,
      0.27475436475872994,
      0.2756208283007145,
      0.27386885511875153,
      0.27258286720514296,
      0.2745017638802528,
      0.27440669378638266,
      0.2724315559864044,
      0.27145225936174394,
      0.2728882812559605,
      0.27467695182561874,
      0.2718149467408657,
      0.2717863213121891,
      0.2708565828800201,
      0.2711193788945675,
      0.2715838979482651,
      0.27195317021012305,
      0.27035370317101476,
      0.27071872040629386,
      0.2719823229908943,
      0.27070968827605246,
      0.2717456188797951,
      0.26920544624328613,
      0.269425929248333,
      0.26883091959357264
    ],
    "train_acc": [
      0.80925,
      0.91,
      0.910625,
      0.9115,
      0.911625,
      0.911375,
      0.912375,
      0.911625,
      0.91225,
      0.912625,
      0.912625,
      0.91275,
      0.91275,
      0.912375,
      0.913,
      0.913125,
      0.91275,
      0.912625,
      0.913,
      0.912125,
      0.912875,
      0.9125,
      0.91275,
      0.91275,
      0.913,
      0.91275,
      0.91275,
      0.913125,
      0.913,
      0.9125,
      0.91275,
      0.912875,
      0.91275,
      0.913375,
      0.91325,
      0.91325,
      0.913125,
      0.913125,
      0.91275,
      0.913,
      0.912625,
      0.91275,
      0.913125,
      0.912875,
      0.913125,
      0.912875,
      0.912625,
      0.91325,
      0.9125,
      0.913
    ]
  },
  "config": {
    "H5_DIR": "/root/akhil/HALP_EACL_Models/Models/FastVLM_model/fastvlm_output",
    "CSV_PATH": "/root/akhil/FInal_CSV_Hallucination/fastvlm_manually_reviewed.csv",
    "OUTPUT_DIR": "/root/akhil/probe_training_scripts/fastvlm_model_probe/results/vision_token_layer_n",
    "MODEL_NAME": "FastVLM-7B",
    "EMBEDDING_TYPE": "vision_token_representation",
    "LAYER_NAME": "layer_27",
    "TARGET_COLUMN": "is_hallucinating_manual",
    "LAYER_SIZES": [
      512,
      256,
      128
    ],
    "DROPOUT_RATE": 0.3,
    "LEARNING_RATE": 0.001,
    "BATCH_SIZE": 32,
    "EPOCHS": 50,
    "TEST_SIZE": 0.2,
    "RANDOM_STATE": 42,
    "DEVICE": "cuda"
  }
}