{
  "model_name": "FastVLM-7B",
  "embedding_type": "query_token_representation",
  "layer_name": "layer_27",
  "target_column": "is_hallucinating_manual",
  "input_dim": 3584,
  "timestamp": "20251003_171537",
  "dataset_statistics": {
    "total_samples": 10000,
    "num_no_hallucination": 9130,
    "num_hallucination": 870,
    "hallucination_percentage": 8.7
  },
  "train_set": {
    "num_samples": 8000,
    "accuracy": 0.952375,
    "precision": 0.7594728171334432,
    "recall": 0.6623563218390804,
    "f1": 0.7075978511128166,
    "auroc": 0.9733824600911484,
    "confusion_matrix": [
      [
        7158,
        146
      ],
      [
        235,
        461
      ]
    ],
    "num_no_hallucination": 7304,
    "num_hallucination": 696
  },
  "test_set": {
    "num_samples": 2000,
    "accuracy": 0.8685,
    "precision": 0.17037037037037037,
    "recall": 0.13218390804597702,
    "f1": 0.1488673139158576,
    "auroc": 0.6136174793216754,
    "confusion_matrix": [
      [
        1714,
        112
      ],
      [
        151,
        23
      ]
    ],
    "num_no_hallucination": 1826,
    "num_hallucination": 174
  },
  "training_history": {
    "train_loss": [
      0.4651005608439446,
      0.29302057096362116,
      0.263393574655056,
      0.24926211357116698,
      0.23647427642345428,
      0.22329818941652774,
      0.21472354033589364,
      0.20677808149158955,
      0.1964639257490635,
      0.1885701774209738,
      0.19162890499830246,
      0.1774576685577631,
      0.17359986852109432,
      0.16586133345216514,
      0.16218238215148448,
      0.16362559247761965,
      0.15726348832249643,
      0.15471136158704757,
      0.14813637191057205,
      0.1446370342299342,
      0.1380938825979829,
      0.14082397291064264,
      0.1401690540611744,
      0.13525739876180887,
      0.14248410300165415,
      0.12978071492165327,
      0.12988366582989694,
      0.12899371478706598,
      0.12582367903739214,
      0.12049859453737735,
      0.12176592107862234,
      0.1223642386496067,
      0.12204896602034569,
      0.12065933205932379,
      0.11582338651269675,
      0.11938720578700304,
      0.11894381792098284,
      0.11108700797706843,
      0.11763556228578091,
      0.11193310568481683,
      0.11553725167736412,
      0.11318963618576526,
      0.10607828198745847,
      0.10752806366235018,
      0.10918956334516407,
      0.10917650267481804,
      0.10503432553261519,
      0.1070536402836442,
      0.1014798558074981,
      0.10258312503248453
    ],
    "train_acc": [
      0.821875,
      0.9115,
      0.90875,
      0.916,
      0.915125,
      0.919125,
      0.921125,
      0.925125,
      0.926375,
      0.928125,
      0.928125,
      0.932625,
      0.929,
      0.93425,
      0.934875,
      0.934625,
      0.936625,
      0.937875,
      0.939125,
      0.93775,
      0.941,
      0.9405,
      0.941125,
      0.9425,
      0.940375,
      0.94175,
      0.943875,
      0.944125,
      0.943,
      0.94475,
      0.944125,
      0.943625,
      0.943625,
      0.943,
      0.94675,
      0.945375,
      0.9465,
      0.947125,
      0.943875,
      0.946125,
      0.94625,
      0.94625,
      0.948625,
      0.947875,
      0.949625,
      0.948375,
      0.949375,
      0.9485,
      0.947,
      0.948
    ]
  },
  "config": {
    "H5_DIR": "/root/akhil/HALP_EACL_Models/Models/FastVLM_model/fastvlm_output",
    "CSV_PATH": "/root/akhil/FInal_CSV_Hallucination/fastvlm_manually_reviewed.csv",
    "OUTPUT_DIR": "/root/akhil/probe_training_scripts/fastvlm_model_probe/results/query_token_layer_n",
    "MODEL_NAME": "FastVLM-7B",
    "EMBEDDING_TYPE": "query_token_representation",
    "LAYER_NAME": "layer_27",
    "TARGET_COLUMN": "is_hallucinating_manual",
    "LAYER_SIZES": [
      512,
      256,
      128
    ],
    "DROPOUT_RATE": 0.3,
    "LEARNING_RATE": 0.001,
    "BATCH_SIZE": 32,
    "EPOCHS": 50,
    "TEST_SIZE": 0.2,
    "RANDOM_STATE": 42,
    "DEVICE": "cuda"
  }
}