{
  "model_name": "Qwen2.5-VL-7B",
  "embedding_type": "vision_token_representation",
  "layer_name": "layer_21",
  "target_column": "is_hallucinating_manual",
  "input_dim": 3584,
  "timestamp": "20251003_182310",
  "dataset_statistics": {
    "total_samples": 10000,
    "num_no_hallucination": 9394,
    "num_hallucination": 606,
    "hallucination_percentage": 6.0600000000000005
  },
  "train_set": {
    "num_samples": 8000,
    "accuracy": 0.96575,
    "precision": 0.8307210031347962,
    "recall": 0.5463917525773195,
    "f1": 0.6592039800995025,
    "auroc": 0.9801034357402034,
    "confusion_matrix": [
      [
        7461,
        54
      ],
      [
        220,
        265
      ]
    ],
    "num_no_hallucination": 7515,
    "num_hallucination": 485
  },
  "test_set": {
    "num_samples": 2000,
    "accuracy": 0.9185,
    "precision": 0.2236842105263158,
    "recall": 0.14049586776859505,
    "f1": 0.17258883248730963,
    "auroc": 0.6624699264159326,
    "confusion_matrix": [
      [
        1820,
        59
      ],
      [
        104,
        17
      ]
    ],
    "num_no_hallucination": 1879,
    "num_hallucination": 121
  },
  "training_history": {
    "train_loss": [
      0.4449063099324703,
      0.22847562102973462,
      0.2077879272699356,
      0.18241742300987243,
      0.16570169049501418,
      0.15319756498932838,
      0.1352007752507925,
      0.12951502110809088,
      0.1208676956295967,
      0.11212302530556917,
      0.11216332513093949,
      0.10814187724515796,
      0.10631743317842483,
      0.1020666569173336,
      0.0978809585571289,
      0.09851709879562259,
      0.09498433603718877,
      0.09473592156916857,
      0.09232291761785745,
      0.08670752749592066,
      0.08709831783547997,
      0.085210873933509,
      0.0836367363706231,
      0.08009487631171942,
      0.08489606523700058,
      0.08254787864163518,
      0.07904137062467635,
      0.07892238515801728,
      0.08077571740001441,
      0.0723188022589311,
      0.07738381546549498,
      0.07736247672513127,
      0.07530440031178295,
      0.0764712340766564,
      0.07086220557428896,
      0.07132716361153871,
      0.07030558659601957,
      0.07081884636729956,
      0.0701276875147596,
      0.07103784207534045,
      0.07503397390525789,
      0.07121532629895955,
      0.07080982237495483,
      0.0690867670616135,
      0.07052283693477511,
      0.07181167746335268,
      0.06931197527842596,
      0.06596372225834057,
      0.06748367973044514,
      0.06649328792234882
    ],
    "train_acc": [
      0.818375,
      0.936125,
      0.937625,
      0.940125,
      0.940625,
      0.9415,
      0.943125,
      0.94625,
      0.9505,
      0.954,
      0.951625,
      0.95225,
      0.951875,
      0.953625,
      0.955125,
      0.956125,
      0.95775,
      0.954625,
      0.957,
      0.958,
      0.959875,
      0.95925,
      0.961375,
      0.95975,
      0.960875,
      0.958875,
      0.96,
      0.9625,
      0.959625,
      0.962,
      0.961375,
      0.962375,
      0.96375,
      0.96,
      0.964125,
      0.963375,
      0.96275,
      0.96375,
      0.962625,
      0.962,
      0.962625,
      0.963375,
      0.96225,
      0.964875,
      0.96275,
      0.964,
      0.962625,
      0.96525,
      0.963125,
      0.963125
    ]
  },
  "config": {
    "H5_DIR": "/root/akhil/HALP_EACL_Models/Models/Qwen25_VL/qwen25_output",
    "CSV_PATH": "/root/akhil/FInal_CSV_Hallucination/qwen25vl_manually_reviewed.csv",
    "OUTPUT_DIR": "/root/akhil/probe_training_scripts/qwen25vl_model_probe/results/vision_token_layer_3n_4",
    "MODEL_NAME": "Qwen2.5-VL-7B",
    "EMBEDDING_TYPE": "vision_token_representation",
    "LAYER_NAME": "layer_21",
    "TARGET_COLUMN": "is_hallucinating_manual",
    "LAYER_SIZES": [
      512,
      256,
      128
    ],
    "DROPOUT_RATE": 0.3,
    "LEARNING_RATE": 0.001,
    "BATCH_SIZE": 32,
    "EPOCHS": 50,
    "TEST_SIZE": 0.2,
    "RANDOM_STATE": 42,
    "DEVICE": "cuda"
  }
}