{
  "model_name": "Phi4-VL",
  "embedding_type": "query_token_representation",
  "layer_name": "layer_0",
  "target_column": "is_hallucinating_manual",
  "input_dim": 3072,
  "timestamp": "20251003_214543",
  "dataset_statistics": {
    "total_samples": 9767,
    "num_no_hallucination": 8817,
    "num_hallucination": 950,
    "hallucination_percentage": 9.726630490426947
  },
  "train_set": {
    "num_samples": 7813,
    "accuracy": 0.9182132343530014,
    "precision": 0.6805970149253732,
    "recall": 0.3,
    "f1": 0.41643835616438357,
    "auroc": 0.933278578730962,
    "confusion_matrix": [
      [
        6946,
        107
      ],
      [
        532,
        228
      ]
    ],
    "num_no_hallucination": 7053,
    "num_hallucination": 760
  },
  "test_set": {
    "num_samples": 1954,
    "accuracy": 0.9037871033776868,
    "precision": 0.5135135135135135,
    "recall": 0.2,
    "f1": 0.2878787878787879,
    "auroc": 0.8629192027688268,
    "confusion_matrix": [
      [
        1728,
        36
      ],
      [
        152,
        38
      ]
    ],
    "num_no_hallucination": 1764,
    "num_hallucination": 190
  },
  "training_history": {
    "train_loss": [
      0.2959697531194103,
      0.25455787267003743,
      0.24659756568013405,
      0.24592319124815415,
      0.24159792123400436,
      0.23984373397364908,
      0.23845179160030522,
      0.23617917128971644,
      0.2346567201675201,
      0.2291004502955748,
      0.22845649425776637,
      0.23045606445901248,
      0.229182589358213,
      0.22646784596905417,
      0.224306507013282,
      0.2219016792518752,
      0.22496207569326673,
      0.22067337778149818,
      0.22331328361618275,
      0.2153530094696551,
      0.22271460519761455,
      0.2180336739031636,
      0.21794010336909975,
      0.21486377421082284,
      0.2144081960679317,
      0.21650456752704114,
      0.21202581649532123,
      0.21103888582818361,
      0.21000103935295222,
      0.2142907193120645,
      0.21187579248632704,
      0.2083763527626894,
      0.2075093277254883,
      0.2080850802514018,
      0.2084821956194177,
      0.20505958692151674,
      0.20638767118964876,
      0.20387044302663024,
      0.20314732695720633,
      0.2048680303428246,
      0.2000044184071677,
      0.2054316491192701,
      0.2007020027357705,
      0.20264572832657365,
      0.19882697726086695,
      0.19756466017997995,
      0.1958550264792783,
      0.19967166119996382,
      0.20290367294635092,
      0.19483921485287803
    ],
    "train_acc": [
      0.8935108153078203,
      0.9011903238192756,
      0.9023422500959939,
      0.9023422500959939,
      0.9019582746704211,
      0.9015742992448483,
      0.9015742992448483,
      0.9029822091386152,
      0.9008063483937028,
      0.9020862664789453,
      0.9009343402022271,
      0.9022142582874696,
      0.9040061436068092,
      0.9042621272238577,
      0.9011903238192756,
      0.9020862664789453,
      0.901446307436324,
      0.9037501599897606,
      0.9037501599897606,
      0.9034941763727121,
      0.9042621272238577,
      0.9027262255215667,
      0.9072059388199155,
      0.906949955202867,
      0.9066939715858185,
      0.9065659797772943,
      0.9050300780750032,
      0.9079738896710611,
      0.9063099961602458,
      0.9075899142454883,
      0.9082298732881096,
      0.9073339306284398,
      0.9079738896710611,
      0.9072059388199155,
      0.9110456930756432,
      0.906949955202867,
      0.9093817995648279,
      0.9093817995648279,
      0.9068219633943427,
      0.908485856905158,
      0.9107897094585946,
      0.9078458978625368,
      0.9116856521182645,
      0.9113016766926917,
      0.9125815947779342,
      0.9127095865864585,
      0.9106617176500704,
      0.9118136439267887,
      0.9111736848841674,
      0.9101497504159733
    ]
  },
  "config": {
    "H5_DIR": "/root/akhil/HALP_EACL_Models/Models/Phi4_VL/phi4_output",
    "CSV_PATH": "/root/akhil/FInal_CSV_Hallucination/phi4vl_manually_reviewed.csv",
    "OUTPUT_DIR": "/root/akhil/probe_training_scripts/phi4vl_model_probe/results/query_token_layer0",
    "MODEL_NAME": "Phi4-VL",
    "EMBEDDING_TYPE": "query_token_representation",
    "LAYER_NAME": "layer_0",
    "TARGET_COLUMN": "is_hallucinating_manual",
    "LAYER_SIZES": [
      512,
      256,
      128
    ],
    "DROPOUT_RATE": 0.3,
    "LEARNING_RATE": 0.001,
    "BATCH_SIZE": 32,
    "EPOCHS": 50,
    "TEST_SIZE": 0.2,
    "RANDOM_STATE": 42,
    "DEVICE": "cuda"
  }
}