{
  "model_name": "Molmo-V1",
  "embedding_type": "vision_token_representation",
  "layer_name": "layer_8",
  "target_column": "is_hallucinating_manual",
  "input_dim": 4096,
  "timestamp": "20251003_181056",
  "dataset_statistics": {
    "total_samples": 10000,
    "num_no_hallucination": 8795,
    "num_hallucination": 1205,
    "hallucination_percentage": 12.049999999999999
  },
  "train_set": {
    "num_samples": 8000,
    "accuracy": 0.890875,
    "precision": 0.6070588235294118,
    "recall": 0.2676348547717842,
    "f1": 0.3714902807775378,
    "auroc": 0.9088506589702279,
    "confusion_matrix": [
      [
        6869,
        167
      ],
      [
        706,
        258
      ]
    ],
    "num_no_hallucination": 7036,
    "num_hallucination": 964
  },
  "test_set": {
    "num_samples": 2000,
    "accuracy": 0.8575,
    "precision": 0.26595744680851063,
    "recall": 0.1037344398340249,
    "f1": 0.14925373134328357,
    "auroc": 0.6982289069374102,
    "confusion_matrix": [
      [
        1690,
        69
      ],
      [
        216,
        25
      ]
    ],
    "num_no_hallucination": 1759,
    "num_hallucination": 241
  },
  "training_history": {
    "train_loss": [
      0.525981017589569,
      0.370722546339035,
      0.3529616882801056,
      0.3504405212402344,
      0.3387855443060398,
      0.33600766015052796,
      0.3300786894261837,
      0.3269501999616623,
      0.32961363112926484,
      0.3236651775240898,
      0.320360577583313,
      0.3155159808397293,
      0.3166919739842415,
      0.3100184581875801,
      0.30772648072242736,
      0.30714808964729307,
      0.3045168503522873,
      0.3041231555938721,
      0.2980374357104301,
      0.29525703853368757,
      0.29227979096770285,
      0.2938104696273804,
      0.28671855986118316,
      0.29018320444226264,
      0.2849340072274208,
      0.2883158729672432,
      0.2834734878838062,
      0.28146143454313277,
      0.2794716987609863,
      0.281479453086853,
      0.27728615853190425,
      0.2745086246430874,
      0.27368217065930367,
      0.27621899580955506,
      0.27022834673523904,
      0.26963961133360864,
      0.2674760859310627,
      0.26525783199071884,
      0.26587812703847885,
      0.2665322321355343,
      0.26284779673814773,
      0.2670443583726883,
      0.26441994297504423,
      0.2603447185754776,
      0.25852951458096507,
      0.2618797694146633,
      0.2575845705866814,
      0.25742783361673355,
      0.260778483748436,
      0.26092319798469543
    ],
    "train_acc": [
      0.76925,
      0.871625,
      0.8775,
      0.877875,
      0.87825,
      0.878125,
      0.87725,
      0.877375,
      0.878625,
      0.8785,
      0.878375,
      0.878625,
      0.878,
      0.88075,
      0.878625,
      0.879,
      0.879125,
      0.8785,
      0.8795,
      0.883125,
      0.88075,
      0.880375,
      0.880875,
      0.8795,
      0.8815,
      0.880125,
      0.881375,
      0.88075,
      0.883,
      0.8805,
      0.8815,
      0.88175,
      0.883875,
      0.8845,
      0.882875,
      0.881875,
      0.88225,
      0.882125,
      0.885,
      0.884375,
      0.883125,
      0.886125,
      0.884,
      0.887125,
      0.88475,
      0.887375,
      0.885375,
      0.885875,
      0.883,
      0.886375
    ]
  },
  "config": {
    "H5_DIR": "/root/akhil/HALP_EACL_Models/Models/Molmo_V1/molmo_output",
    "CSV_PATH": "/root/akhil/FInal_CSV_Hallucination/molmo_manually_reviewed.csv",
    "OUTPUT_DIR": "/root/akhil/probe_training_scripts/molmo_model_probe/results/vision_token_layer_n_4",
    "MODEL_NAME": "Molmo-V1",
    "EMBEDDING_TYPE": "vision_token_representation",
    "LAYER_NAME": "layer_8",
    "TARGET_COLUMN": "is_hallucinating_manual",
    "LAYER_SIZES": [
      512,
      256,
      128
    ],
    "DROPOUT_RATE": 0.3,
    "LEARNING_RATE": 0.001,
    "BATCH_SIZE": 32,
    "EPOCHS": 50,
    "TEST_SIZE": 0.2,
    "RANDOM_STATE": 42,
    "DEVICE": "cuda"
  }
}