{
  "model_name": "Qwen2.5-VL-7B",
  "embedding_type": "vision_token_representation",
  "layer_name": "layer_27",
  "target_column": "is_hallucinating_manual",
  "input_dim": 3584,
  "timestamp": "20251003_182402",
  "dataset_statistics": {
    "total_samples": 10000,
    "num_no_hallucination": 9394,
    "num_hallucination": 606,
    "hallucination_percentage": 6.0600000000000005
  },
  "train_set": {
    "num_samples": 8000,
    "accuracy": 0.964,
    "precision": 0.8229508196721311,
    "recall": 0.5175257731958763,
    "f1": 0.6354430379746835,
    "auroc": 0.9817482560651892,
    "confusion_matrix": [
      [
        7461,
        54
      ],
      [
        234,
        251
      ]
    ],
    "num_no_hallucination": 7515,
    "num_hallucination": 485
  },
  "test_set": {
    "num_samples": 2000,
    "accuracy": 0.922,
    "precision": 0.2727272727272727,
    "recall": 0.17355371900826447,
    "f1": 0.21212121212121213,
    "auroc": 0.6683416974916322,
    "confusion_matrix": [
      [
        1823,
        56
      ],
      [
        100,
        21
      ]
    ],
    "num_no_hallucination": 1879,
    "num_hallucination": 121
  },
  "training_history": {
    "train_loss": [
      0.46136228692531583,
      0.23356289021670817,
      0.20693803952634335,
      0.18170340344309807,
      0.16032102771103382,
      0.13963368049263955,
      0.1301615395322442,
      0.11840273948013783,
      0.1166241257339716,
      0.111790970928967,
      0.10881595499068498,
      0.10195324438065291,
      0.09516417118534445,
      0.09154005786404014,
      0.09069648678600788,
      0.08690331832692028,
      0.08962605099007487,
      0.08623557041585446,
      0.0856339393146336,
      0.08361464852094651,
      0.0813567324411124,
      0.07941975021827966,
      0.0771741715427488,
      0.07553542133979499,
      0.07656130814366043,
      0.07544842482171953,
      0.08055641555413603,
      0.07643060108833015,
      0.07520326051581651,
      0.0746582471895963,
      0.07191435042954981,
      0.07610591932106762,
      0.07159904816746712,
      0.07280759923532605,
      0.07214066850440577,
      0.0697997849714011,
      0.0705302951624617,
      0.07001096181897447,
      0.06971372209209949,
      0.06671806406835094,
      0.06781957730348222,
      0.06234579946193844,
      0.06911578194517642,
      0.06851908690761775,
      0.06934761459380388,
      0.07115144799090922,
      0.06660731626302004,
      0.06530333864362911,
      0.06757513339631259,
      0.06575982893351466
    ],
    "train_acc": [
      0.815125,
      0.934375,
      0.9345,
      0.93825,
      0.939875,
      0.943875,
      0.943875,
      0.947,
      0.9495,
      0.94925,
      0.95025,
      0.951125,
      0.955,
      0.955125,
      0.957625,
      0.95825,
      0.959,
      0.956125,
      0.95875,
      0.959875,
      0.961625,
      0.962,
      0.96025,
      0.961625,
      0.959875,
      0.9605,
      0.960625,
      0.962375,
      0.96325,
      0.962125,
      0.96325,
      0.961625,
      0.9625,
      0.961875,
      0.961625,
      0.963,
      0.96275,
      0.9625,
      0.962,
      0.964625,
      0.964875,
      0.966375,
      0.962625,
      0.96275,
      0.96225,
      0.96325,
      0.962875,
      0.96575,
      0.96425,
      0.964375
    ]
  },
  "config": {
    "H5_DIR": "/root/akhil/HALP_EACL_Models/Models/Qwen25_VL/qwen25_output",
    "CSV_PATH": "/root/akhil/FInal_CSV_Hallucination/qwen25vl_manually_reviewed.csv",
    "OUTPUT_DIR": "/root/akhil/probe_training_scripts/qwen25vl_model_probe/results/vision_token_layer_n",
    "MODEL_NAME": "Qwen2.5-VL-7B",
    "EMBEDDING_TYPE": "vision_token_representation",
    "LAYER_NAME": "layer_27",
    "TARGET_COLUMN": "is_hallucinating_manual",
    "LAYER_SIZES": [
      512,
      256,
      128
    ],
    "DROPOUT_RATE": 0.3,
    "LEARNING_RATE": 0.001,
    "BATCH_SIZE": 32,
    "EPOCHS": 50,
    "TEST_SIZE": 0.2,
    "RANDOM_STATE": 42,
    "DEVICE": "cuda"
  }
}