{
  "model_name": "Molmo-V1",
  "embedding_type": "query_token_representation",
  "layer_name": "layer_24",
  "target_column": "is_hallucinating_manual",
  "input_dim": 4096,
  "timestamp": "20251003_181713",
  "dataset_statistics": {
    "total_samples": 10000,
    "num_no_hallucination": 8795,
    "num_hallucination": 1205,
    "hallucination_percentage": 12.049999999999999
  },
  "train_set": {
    "num_samples": 8000,
    "accuracy": 0.967875,
    "precision": 0.8897464167585446,
    "recall": 0.8371369294605809,
    "f1": 0.8626402993051844,
    "auroc": 0.9895385380225941,
    "confusion_matrix": [
      [
        6936,
        100
      ],
      [
        157,
        807
      ]
    ],
    "num_no_hallucination": 7036,
    "num_hallucination": 964
  },
  "test_set": {
    "num_samples": 2000,
    "accuracy": 0.915,
    "precision": 0.6563876651982379,
    "recall": 0.6182572614107884,
    "f1": 0.6367521367521367,
    "auroc": 0.9345488171089289,
    "confusion_matrix": [
      [
        1681,
        78
      ],
      [
        92,
        149
      ]
    ],
    "num_no_hallucination": 1759,
    "num_hallucination": 241
  },
  "training_history": {
    "train_loss": [
      0.43192565041780473,
      0.2583943279981613,
      0.2300117865204811,
      0.21984701126813888,
      0.20543113529682158,
      0.19990694393217565,
      0.19328153124451639,
      0.1855908970683813,
      0.18532801514863967,
      0.17593426164984702,
      0.1701427090987563,
      0.1747169392555952,
      0.17509025567770004,
      0.1621189498156309,
      0.16165269340574742,
      0.15866918882727624,
      0.1580037815272808,
      0.15636273492127656,
      0.15529705327749252,
      0.15154156167805194,
      0.14812726041674615,
      0.14348586882650852,
      0.14315019427984954,
      0.13836526264995336,
      0.1440185132175684,
      0.14046625020354986,
      0.13584788580238819,
      0.13970913887023925,
      0.13612092693150044,
      0.12588869738578795,
      0.13207198360934855,
      0.12325017887353897,
      0.12131293655186892,
      0.12162904106825591,
      0.12687205379456282,
      0.11470709201693535,
      0.11390870200097561,
      0.12289689470082521,
      0.11472038002312183,
      0.11044177781790494,
      0.11035216921195388,
      0.11422255224362016,
      0.11220059831440449,
      0.11084972976893187,
      0.10758868272788823,
      0.1084010298512876,
      0.10357094429433346,
      0.10507892032712698,
      0.10908498737961053,
      0.1047344632819295
    ],
    "train_acc": [
      0.81775,
      0.891375,
      0.899875,
      0.901375,
      0.905375,
      0.906,
      0.914625,
      0.915625,
      0.91425,
      0.916125,
      0.9195,
      0.918375,
      0.914,
      0.922625,
      0.9255,
      0.92425,
      0.9265,
      0.9245,
      0.92675,
      0.930875,
      0.92975,
      0.930625,
      0.932,
      0.934875,
      0.931125,
      0.935375,
      0.9365,
      0.9365,
      0.9365,
      0.942875,
      0.939625,
      0.94225,
      0.94475,
      0.945375,
      0.94025,
      0.9485,
      0.948125,
      0.944125,
      0.948125,
      0.950375,
      0.9485,
      0.951125,
      0.9465,
      0.94975,
      0.9505,
      0.95375,
      0.9525,
      0.9535,
      0.952375,
      0.954375
    ]
  },
  "config": {
    "H5_DIR": "/root/akhil/HALP_EACL_Models/Models/Molmo_V1/molmo_output",
    "CSV_PATH": "/root/akhil/FInal_CSV_Hallucination/molmo_manually_reviewed.csv",
    "OUTPUT_DIR": "/root/akhil/probe_training_scripts/molmo_model_probe/results/query_token_layer_3n_4",
    "MODEL_NAME": "Molmo-V1",
    "EMBEDDING_TYPE": "query_token_representation",
    "LAYER_NAME": "layer_24",
    "TARGET_COLUMN": "is_hallucinating_manual",
    "LAYER_SIZES": [
      512,
      256,
      128
    ],
    "DROPOUT_RATE": 0.3,
    "LEARNING_RATE": 0.001,
    "BATCH_SIZE": 32,
    "EPOCHS": 50,
    "TEST_SIZE": 0.2,
    "RANDOM_STATE": 42,
    "DEVICE": "cuda"
  }
}