{
  "model_name": "Phi4-VL",
  "embedding_type": "vision_token_representation",
  "layer_name": "layer_16",
  "target_column": "is_hallucinating_manual",
  "input_dim": 3072,
  "timestamp": "20251003_214221",
  "dataset_statistics": {
    "total_samples": 9767,
    "num_no_hallucination": 8817,
    "num_hallucination": 950,
    "hallucination_percentage": 9.726630490426947
  },
  "train_set": {
    "num_samples": 7813,
    "accuracy": 0.9276846281837963,
    "precision": 0.7210884353741497,
    "recall": 0.41842105263157897,
    "f1": 0.5295587010824313,
    "auroc": 0.957483097897871,
    "confusion_matrix": [
      [
        6930,
        123
      ],
      [
        442,
        318
      ]
    ],
    "num_no_hallucination": 7053,
    "num_hallucination": 760
  },
  "test_set": {
    "num_samples": 1954,
    "accuracy": 0.8838280450358239,
    "precision": 0.31313131313131315,
    "recall": 0.1631578947368421,
    "f1": 0.21453287197231835,
    "auroc": 0.7858351235230934,
    "confusion_matrix": [
      [
        1696,
        68
      ],
      [
        159,
        31
      ]
    ],
    "num_no_hallucination": 1764,
    "num_hallucination": 190
  },
  "training_history": {
    "train_loss": [
      0.30509679569881787,
      0.26152339319185336,
      0.25282987365309073,
      0.250621581381681,
      0.24344286179664185,
      0.23960150968359442,
      0.2361993117600071,
      0.2325026318582953,
      0.22970091235272738,
      0.227596052568786,
      0.23048399750675475,
      0.23221703770817542,
      0.22257177677689766,
      0.21838849491002607,
      0.21616301925814882,
      0.21244276290645406,
      0.2140707374835501,
      0.2091250766296776,
      0.2091351279798819,
      0.219458685055071,
      0.20903023300426346,
      0.2003346194418109,
      0.19966007934845223,
      0.19646078740455666,
      0.19857132615787643,
      0.1929672821443908,
      0.1872023121890973,
      0.19109572537851577,
      0.18870448895863123,
      0.18587136609213692,
      0.1856271031103572,
      0.18431814583588618,
      0.18395748337616727,
      0.18471368762607476,
      0.18252027606477542,
      0.1788210895748771,
      0.17937494333909482,
      0.176549588113415,
      0.17829728345481716,
      0.17210359538392145,
      0.17370704704401443,
      0.17312545292839712,
      0.17100229903447384,
      0.17078289004917047,
      0.16771230866410294,
      0.16324118678363003,
      0.16577592014658207,
      0.16795336931031576,
      0.16762985363792704,
      0.1674677204720828
    ],
    "train_acc": [
      0.8933828234992961,
      0.9013183156277998,
      0.9028542173300909,
      0.9032381927556636,
      0.9042621272238577,
      0.9050300780750032,
      0.906949955202867,
      0.9049020862664789,
      0.9046461026494305,
      0.9078458978625368,
      0.9037501599897606,
      0.90643798796877,
      0.90643798796877,
      0.9082298732881096,
      0.9098937667989249,
      0.9088698323307308,
      0.906949955202867,
      0.9081018814795853,
      0.9089978241392551,
      0.9096377831818764,
      0.9077179060540126,
      0.9097657749904006,
      0.9109177012671189,
      0.9123256111608857,
      0.9098937667989249,
      0.9123256111608857,
      0.9146294637143223,
      0.9136055292461283,
      0.9166773326507104,
      0.9142454882887495,
      0.9171892998848074,
      0.9157813899910405,
      0.9180852425444771,
      0.9161653654166133,
      0.9175732753103801,
      0.9161653654166133,
      0.9201331114808652,
      0.9180852425444771,
      0.915525406373992,
      0.9182132343530014,
      0.920517086906438,
      0.9212850377575835,
      0.9211570459490592,
      0.9175732753103801,
      0.9220529886087291,
      0.9202611032893895,
      0.9230769230769231,
      0.922564955842826,
      0.9220529886087291,
      0.9220529886087291
    ]
  },
  "config": {
    "H5_DIR": "/root/akhil/HALP_EACL_Models/Models/Phi4_VL/phi4_output",
    "CSV_PATH": "/root/akhil/FInal_CSV_Hallucination/phi4vl_manually_reviewed.csv",
    "OUTPUT_DIR": "/root/akhil/probe_training_scripts/phi4vl_model_probe/results/vision_token_layer16",
    "MODEL_NAME": "Phi4-VL",
    "EMBEDDING_TYPE": "vision_token_representation",
    "LAYER_NAME": "layer_16",
    "TARGET_COLUMN": "is_hallucinating_manual",
    "LAYER_SIZES": [
      512,
      256,
      128
    ],
    "DROPOUT_RATE": 0.3,
    "LEARNING_RATE": 0.001,
    "BATCH_SIZE": 32,
    "EPOCHS": 50,
    "TEST_SIZE": 0.2,
    "RANDOM_STATE": 42,
    "DEVICE": "cuda"
  }
}