{
  "model_name": "Molmo-V1",
  "embedding_type": "vision_token_representation",
  "layer_name": "layer_16",
  "target_column": "is_hallucinating_manual",
  "input_dim": 4096,
  "timestamp": "20251003_181150",
  "dataset_statistics": {
    "total_samples": 10000,
    "num_no_hallucination": 8795,
    "num_hallucination": 1205,
    "hallucination_percentage": 12.049999999999999
  },
  "train_set": {
    "num_samples": 8000,
    "accuracy": 0.890625,
    "precision": 0.7170731707317073,
    "recall": 0.1524896265560166,
    "f1": 0.25149700598802394,
    "auroc": 0.9182059249526442,
    "confusion_matrix": [
      [
        6978,
        58
      ],
      [
        817,
        147
      ]
    ],
    "num_no_hallucination": 7036,
    "num_hallucination": 964
  },
  "test_set": {
    "num_samples": 2000,
    "accuracy": 0.8755,
    "precision": 0.4,
    "recall": 0.06639004149377593,
    "f1": 0.11387900355871886,
    "auroc": 0.6930533899164699,
    "confusion_matrix": [
      [
        1735,
        24
      ],
      [
        225,
        16
      ]
    ],
    "num_no_hallucination": 1759,
    "num_hallucination": 241
  },
  "training_history": {
    "train_loss": [
      0.5087156110405922,
      0.36689960277080536,
      0.35818036198616027,
      0.34988477927446365,
      0.34078827971220016,
      0.33829984766244886,
      0.32829785722494126,
      0.3271590020060539,
      0.32784733226895335,
      0.32209531211853026,
      0.3168385763466358,
      0.3155445253252983,
      0.3162606382369995,
      0.30791817933321,
      0.31015049540996553,
      0.30491217809915544,
      0.3004469164609909,
      0.30182443737983705,
      0.2986893080472946,
      0.29899710470438,
      0.2933662447929382,
      0.29136270368099215,
      0.29126586121320724,
      0.28995524924993515,
      0.2832279095053673,
      0.2879017712473869,
      0.2876415309309959,
      0.28077347189188,
      0.27789229720830916,
      0.27450726768374445,
      0.27762920117378237,
      0.27217166221141814,
      0.2710671657025814,
      0.2727646436095238,
      0.27176214423775674,
      0.2718695420622826,
      0.26797986835241316,
      0.26731490159034726,
      0.26576652747392654,
      0.2626848164200783,
      0.26518002441525457,
      0.26010346752405167,
      0.26058122944831846,
      0.25792316380143165,
      0.25758436280488967,
      0.2585030667185783,
      0.25226350647211077,
      0.2567472272515297,
      0.2548061524629593,
      0.25656142649054525
    ],
    "train_acc": [
      0.78,
      0.875875,
      0.877375,
      0.875625,
      0.878,
      0.87875,
      0.878875,
      0.879,
      0.87925,
      0.878625,
      0.881125,
      0.877125,
      0.87975,
      0.880625,
      0.879375,
      0.881375,
      0.88075,
      0.881375,
      0.880875,
      0.879125,
      0.881625,
      0.88075,
      0.87975,
      0.88225,
      0.88225,
      0.88225,
      0.88125,
      0.88325,
      0.884,
      0.883875,
      0.880625,
      0.886625,
      0.88475,
      0.88225,
      0.884625,
      0.882375,
      0.8845,
      0.885375,
      0.885,
      0.884,
      0.88425,
      0.88775,
      0.88775,
      0.882625,
      0.885375,
      0.886125,
      0.88825,
      0.887,
      0.888,
      0.8875
    ]
  },
  "config": {
    "H5_DIR": "/root/akhil/HALP_EACL_Models/Models/Molmo_V1/molmo_output",
    "CSV_PATH": "/root/akhil/FInal_CSV_Hallucination/molmo_manually_reviewed.csv",
    "OUTPUT_DIR": "/root/akhil/probe_training_scripts/molmo_model_probe/results/vision_token_layer_n_2",
    "MODEL_NAME": "Molmo-V1",
    "EMBEDDING_TYPE": "vision_token_representation",
    "LAYER_NAME": "layer_16",
    "TARGET_COLUMN": "is_hallucinating_manual",
    "LAYER_SIZES": [
      512,
      256,
      128
    ],
    "DROPOUT_RATE": 0.3,
    "LEARNING_RATE": 0.001,
    "BATCH_SIZE": 32,
    "EPOCHS": 50,
    "TEST_SIZE": 0.2,
    "RANDOM_STATE": 42,
    "DEVICE": "cuda"
  }
}