{
  "model_name": "Molmo-V1",
  "embedding_type": "query_token_representation",
  "layer_name": "layer_31",
  "target_column": "is_hallucinating_manual",
  "input_dim": 4096,
  "timestamp": "20251003_181806",
  "dataset_statistics": {
    "total_samples": 10000,
    "num_no_hallucination": 8795,
    "num_hallucination": 1205,
    "hallucination_percentage": 12.049999999999999
  },
  "train_set": {
    "num_samples": 8000,
    "accuracy": 0.97725,
    "precision": 0.9072916666666667,
    "recall": 0.9035269709543569,
    "f1": 0.9054054054054054,
    "auroc": 0.9962212710447044,
    "confusion_matrix": [
      [
        6947,
        89
      ],
      [
        93,
        871
      ]
    ],
    "num_no_hallucination": 7036,
    "num_hallucination": 964
  },
  "test_set": {
    "num_samples": 2000,
    "accuracy": 0.91,
    "precision": 0.641860465116279,
    "recall": 0.5726141078838174,
    "f1": 0.6052631578947368,
    "auroc": 0.9193124158152854,
    "confusion_matrix": [
      [
        1682,
        77
      ],
      [
        103,
        138
      ]
    ],
    "num_no_hallucination": 1759,
    "num_hallucination": 241
  },
  "training_history": {
    "train_loss": [
      0.449163820207119,
      0.24983031502366065,
      0.22086439429223537,
      0.208735333353281,
      0.197474552616477,
      0.19315962982177734,
      0.17991878405213357,
      0.17303358568251134,
      0.1747275006622076,
      0.1668859435915947,
      0.16288050337135793,
      0.16345732039213182,
      0.15266026189923287,
      0.1544224159643054,
      0.14676133696734905,
      0.14344383841753006,
      0.1419862537756562,
      0.13558261543512345,
      0.13524798241257668,
      0.1267318163663149,
      0.12729678608477116,
      0.12604562106728553,
      0.13029550001770257,
      0.12174558132141829,
      0.1181124799773097,
      0.11869779872149229,
      0.11848409240692855,
      0.10861259640008211,
      0.10930651220679283,
      0.11366011882573367,
      0.10963585698604583,
      0.10322199203073978,
      0.10204044205322861,
      0.09705007489398122,
      0.09726047471910715,
      0.09404542327299714,
      0.0939375246670097,
      0.09466556704044342,
      0.0928208182901144,
      0.08917837794683874,
      0.09327983644977211,
      0.08996554722636937,
      0.08867796345986426,
      0.08365927423536777,
      0.08696132222935557,
      0.09227816123329104,
      0.07840744696743786,
      0.08472755441814661,
      0.07923438015766442,
      0.07896419309265912
    ],
    "train_acc": [
      0.800375,
      0.891,
      0.903375,
      0.908125,
      0.911125,
      0.911375,
      0.91775,
      0.9205,
      0.92075,
      0.9235,
      0.92725,
      0.924,
      0.92875,
      0.926875,
      0.93425,
      0.93325,
      0.93425,
      0.937125,
      0.93775,
      0.945,
      0.944,
      0.945125,
      0.93925,
      0.94525,
      0.949125,
      0.94725,
      0.94475,
      0.952375,
      0.95375,
      0.94675,
      0.952125,
      0.95475,
      0.9545,
      0.957,
      0.957875,
      0.958625,
      0.957125,
      0.959375,
      0.95775,
      0.96025,
      0.959375,
      0.957375,
      0.9605,
      0.9615,
      0.9625,
      0.9595,
      0.96425,
      0.964,
      0.966125,
      0.96425
    ]
  },
  "config": {
    "H5_DIR": "/root/akhil/HALP_EACL_Models/Models/Molmo_V1/molmo_output",
    "CSV_PATH": "/root/akhil/FInal_CSV_Hallucination/molmo_manually_reviewed.csv",
    "OUTPUT_DIR": "/root/akhil/probe_training_scripts/molmo_model_probe/results/query_token_layer_n",
    "MODEL_NAME": "Molmo-V1",
    "EMBEDDING_TYPE": "query_token_representation",
    "LAYER_NAME": "layer_31",
    "TARGET_COLUMN": "is_hallucinating_manual",
    "LAYER_SIZES": [
      512,
      256,
      128
    ],
    "DROPOUT_RATE": 0.3,
    "LEARNING_RATE": 0.001,
    "BATCH_SIZE": 32,
    "EPOCHS": 50,
    "TEST_SIZE": 0.2,
    "RANDOM_STATE": 42,
    "DEVICE": "cuda"
  }
}