{
  "model_name": "Molmo-V1",
  "embedding_type": "query_token_representation",
  "layer_name": "layer_0",
  "target_column": "is_hallucinating_manual",
  "input_dim": 4096,
  "timestamp": "20251003_181434",
  "dataset_statistics": {
    "total_samples": 10000,
    "num_no_hallucination": 8795,
    "num_hallucination": 1205,
    "hallucination_percentage": 12.049999999999999
  },
  "train_set": {
    "num_samples": 8000,
    "accuracy": 0.9095,
    "precision": 0.7150537634408602,
    "recall": 0.4139004149377593,
    "f1": 0.5243101182654402,
    "auroc": 0.9435110245117582,
    "confusion_matrix": [
      [
        6877,
        159
      ],
      [
        565,
        399
      ]
    ],
    "num_no_hallucination": 7036,
    "num_hallucination": 964
  },
  "test_set": {
    "num_samples": 2000,
    "accuracy": 0.8505,
    "precision": 0.30405405405405406,
    "recall": 0.18672199170124482,
    "f1": 0.23136246786632392,
    "auroc": 0.7675404971232712,
    "confusion_matrix": [
      [
        1656,
        103
      ],
      [
        196,
        45
      ]
    ],
    "num_no_hallucination": 1759,
    "num_hallucination": 241
  },
  "training_history": {
    "train_loss": [
      0.4854371343255043,
      0.35071632915735246,
      0.3273210357427597,
      0.31790544268488885,
      0.30680161026120184,
      0.3008240004181862,
      0.29835493981838224,
      0.2936626684963703,
      0.29180517116189003,
      0.28944534236192704,
      0.2845045828819275,
      0.28071480932831766,
      0.28247028866410256,
      0.27479291665554045,
      0.2800179604589939,
      0.2750258497595787,
      0.2747783173918724,
      0.2680119433701038,
      0.27086433926224707,
      0.26725376680493357,
      0.26490398505330087,
      0.2581684960126877,
      0.26047917979955676,
      0.26193690434098243,
      0.26331386691331865,
      0.25425778624415396,
      0.2506491773724556,
      0.25288592210412025,
      0.2511902580857277,
      0.2518504585027695,
      0.24825148913264275,
      0.2464931154847145,
      0.24290066912770272,
      0.24611339861154558,
      0.2427492443025112,
      0.2376220605969429,
      0.23133357220888137,
      0.2392061847448349,
      0.23621397691965104,
      0.23648774594068528,
      0.2302884933948517,
      0.22646980932354926,
      0.23308821618556977,
      0.22808244010806084,
      0.22601631605625153,
      0.22334584605693816,
      0.2281234762966633,
      0.22227079391479493,
      0.21995747435092927,
      0.2217221257388592
    ],
    "train_acc": [
      0.79275,
      0.86575,
      0.86925,
      0.873125,
      0.876125,
      0.8765,
      0.87675,
      0.878125,
      0.8775,
      0.878,
      0.878875,
      0.879875,
      0.879875,
      0.8785,
      0.88025,
      0.87875,
      0.87875,
      0.878625,
      0.881625,
      0.8805,
      0.881125,
      0.88425,
      0.884875,
      0.881375,
      0.88275,
      0.88575,
      0.88675,
      0.8855,
      0.887,
      0.88525,
      0.887375,
      0.885,
      0.885875,
      0.88425,
      0.888,
      0.890125,
      0.891875,
      0.889125,
      0.888375,
      0.89125,
      0.895375,
      0.892625,
      0.887,
      0.892625,
      0.896625,
      0.897625,
      0.89475,
      0.89525,
      0.897625,
      0.895
    ]
  },
  "config": {
    "H5_DIR": "/root/akhil/HALP_EACL_Models/Models/Molmo_V1/molmo_output",
    "CSV_PATH": "/root/akhil/FInal_CSV_Hallucination/molmo_manually_reviewed.csv",
    "OUTPUT_DIR": "/root/akhil/probe_training_scripts/molmo_model_probe/results/query_token_layer0",
    "MODEL_NAME": "Molmo-V1",
    "EMBEDDING_TYPE": "query_token_representation",
    "LAYER_NAME": "layer_0",
    "TARGET_COLUMN": "is_hallucinating_manual",
    "LAYER_SIZES": [
      512,
      256,
      128
    ],
    "DROPOUT_RATE": 0.3,
    "LEARNING_RATE": 0.001,
    "BATCH_SIZE": 32,
    "EPOCHS": 50,
    "TEST_SIZE": 0.2,
    "RANDOM_STATE": 42,
    "DEVICE": "cuda"
  }
}