{
  "model_name": "Phi4-VL",
  "embedding_type": "vision_token_representation",
  "layer_name": "layer_24",
  "target_column": "is_hallucinating_manual",
  "input_dim": 3072,
  "timestamp": "20251003_214310",
  "dataset_statistics": {
    "total_samples": 9767,
    "num_no_hallucination": 8817,
    "num_hallucination": 950,
    "hallucination_percentage": 9.726630490426947
  },
  "train_set": {
    "num_samples": 7813,
    "accuracy": 0.930116472545757,
    "precision": 0.7420814479638009,
    "recall": 0.43157894736842106,
    "f1": 0.5457570715474209,
    "auroc": 0.9586508540598626,
    "confusion_matrix": [
      [
        6939,
        114
      ],
      [
        432,
        328
      ]
    ],
    "num_no_hallucination": 7053,
    "num_hallucination": 760
  },
  "test_set": {
    "num_samples": 1954,
    "accuracy": 0.882804503582395,
    "precision": 0.3106796116504854,
    "recall": 0.16842105263157894,
    "f1": 0.21843003412969283,
    "auroc": 0.7661609380594343,
    "confusion_matrix": [
      [
        1693,
        71
      ],
      [
        158,
        32
      ]
    ],
    "num_no_hallucination": 1764,
    "num_hallucination": 190
  },
  "training_history": {
    "train_loss": [
      0.31576517762578266,
      0.2647168300589737,
      0.25292542905223614,
      0.24588686236921622,
      0.2447473463507331,
      0.24232093523047407,
      0.2382893009757509,
      0.23928671622154665,
      0.23394935845720524,
      0.22805682664014856,
      0.22982799961250655,
      0.2254151827674739,
      0.22231808195308764,
      0.2219483500232502,
      0.2197140816218999,
      0.21701300839076237,
      0.21453108002944868,
      0.21075609819013244,
      0.20968441829389456,
      0.20661367704065478,
      0.20955425335132347,
      0.2045979462716044,
      0.2039324848931663,
      0.20206290501721053,
      0.1995043851587237,
      0.19820686730803275,
      0.19740990014100562,
      0.19580592541974418,
      0.19860536635530238,
      0.19627457020842298,
      0.1930871487272029,
      0.18910754707698918,
      0.1884475730055449,
      0.1886144883474525,
      0.18576551237884834,
      0.1818293000704476,
      0.18979052306742084,
      0.17832073730473616,
      0.1810148272891434,
      0.17725202657130298,
      0.17691696623758393,
      0.17452146321231005,
      0.17585294841199506,
      0.17345774263447644,
      0.1717217029357443,
      0.17202159631617214,
      0.16942583730026167,
      0.17149732251252447,
      0.17558655288754677,
      0.1794034715817899
    ],
    "train_acc": [
      0.8895430692435684,
      0.899910405734033,
      0.9028542173300909,
      0.9033661845641879,
      0.9040061436068092,
      0.9045181108409062,
      0.9040061436068092,
      0.9037501599897606,
      0.9070779470113912,
      0.9054140535005759,
      0.9047740944579546,
      0.9063099961602458,
      0.9047740944579546,
      0.9070779470113912,
      0.9055420453091002,
      0.9066939715858185,
      0.9111736848841674,
      0.9089978241392551,
      0.9088698323307308,
      0.9082298732881096,
      0.9105337258415461,
      0.9114296685012159,
      0.9098937667989249,
      0.9095097913733521,
      0.9114296685012159,
      0.9147574555228465,
      0.9116856521182645,
      0.9138615128631767,
      0.9133495456290798,
      0.914501471905798,
      0.9118136439267887,
      0.9148854473313708,
      0.9178292589274286,
      0.9133495456290798,
      0.9143734800972738,
      0.9173172916933316,
      0.9161653654166133,
      0.9219249968002048,
      0.9166773326507104,
      0.9196211442467682,
      0.9191091770126711,
      0.9209010623320107,
      0.9168053244592346,
      0.9230769230769231,
      0.9185972097785742,
      0.9203890950979138,
      0.9216690131831563,
      0.920005119672341,
      0.9217970049916805,
      0.9230769230769231
    ]
  },
  "config": {
    "H5_DIR": "/root/akhil/HALP_EACL_Models/Models/Phi4_VL/phi4_output",
    "CSV_PATH": "/root/akhil/FInal_CSV_Hallucination/phi4vl_manually_reviewed.csv",
    "OUTPUT_DIR": "/root/akhil/probe_training_scripts/phi4vl_model_probe/results/vision_token_layer24",
    "MODEL_NAME": "Phi4-VL",
    "EMBEDDING_TYPE": "vision_token_representation",
    "LAYER_NAME": "layer_24",
    "TARGET_COLUMN": "is_hallucinating_manual",
    "LAYER_SIZES": [
      512,
      256,
      128
    ],
    "DROPOUT_RATE": 0.3,
    "LEARNING_RATE": 0.001,
    "BATCH_SIZE": 32,
    "EPOCHS": 50,
    "TEST_SIZE": 0.2,
    "RANDOM_STATE": 42,
    "DEVICE": "cuda"
  }
}