{
  "model_name": "FastVLM-7B",
  "embedding_type": "vision_only_representation",
  "layer_name": null,
  "target_column": "is_hallucinating_manual",
  "input_dim": 3072,
  "timestamp": "20251003_170621",
  "dataset_statistics": {
    "total_samples": 10000,
    "num_no_hallucination": 9130,
    "num_hallucination": 870,
    "hallucination_percentage": 8.7
  },
  "train_set": {
    "num_samples": 8000,
    "accuracy": 0.9315,
    "precision": 0.6878172588832487,
    "recall": 0.38936781609195403,
    "f1": 0.4972477064220184,
    "auroc": 0.9542890409600786,
    "confusion_matrix": [
      [
        7181,
        123
      ],
      [
        425,
        271
      ]
    ],
    "num_no_hallucination": 7304,
    "num_hallucination": 696
  },
  "test_set": {
    "num_samples": 2000,
    "accuracy": 0.886,
    "precision": 0.2127659574468085,
    "recall": 0.11494252873563218,
    "f1": 0.14925373134328357,
    "auroc": 0.682981140864398,
    "confusion_matrix": [
      [
        1752,
        74
      ],
      [
        154,
        20
      ]
    ],
    "num_no_hallucination": 1826,
    "num_hallucination": 174
  },
  "training_history": {
    "train_loss": [
      0.48206281298398973,
      0.2876590815484524,
      0.2704252174794674,
      0.25610262888669966,
      0.24881004738807677,
      0.24078837683796883,
      0.23257656660676002,
      0.22632267048954963,
      0.21929558408260347,
      0.2162658970952034,
      0.21455709609389306,
      0.20259084825217724,
      0.20924773156642915,
      0.20237474009394646,
      0.19919372859597206,
      0.1916733265221119,
      0.1952806369662285,
      0.19322967958450318,
      0.18667591363191605,
      0.1842796458005905,
      0.18230405616760254,
      0.18470828239619733,
      0.18137255012989045,
      0.1821015591919422,
      0.1761379092335701,
      0.1786327046751976,
      0.17707041761279105,
      0.17636081132292747,
      0.17263653360307216,
      0.17046166856586933,
      0.1744370860159397,
      0.17165974660217762,
      0.16879733131825925,
      0.16373623499274254,
      0.16679232697188853,
      0.1616392060369253,
      0.1737041286677122,
      0.1652183191329241,
      0.16091212220489978,
      0.1619781115502119,
      0.16314033351093532,
      0.16595937003195285,
      0.16351427790522574,
      0.1606328435689211,
      0.1643258415609598,
      0.1572188864648342,
      0.15757169704139232,
      0.15245215559005737,
      0.16175210916996002,
      0.15885121351480483
    ],
    "train_acc": [
      0.796375,
      0.9035,
      0.905875,
      0.907875,
      0.909375,
      0.911,
      0.9095,
      0.912125,
      0.915125,
      0.913,
      0.914375,
      0.916,
      0.913625,
      0.916625,
      0.918,
      0.917875,
      0.916375,
      0.917,
      0.91925,
      0.91725,
      0.91775,
      0.919375,
      0.9185,
      0.91725,
      0.919875,
      0.9195,
      0.921125,
      0.922,
      0.922,
      0.921,
      0.922375,
      0.922125,
      0.923875,
      0.923375,
      0.92375,
      0.92325,
      0.920625,
      0.922875,
      0.92475,
      0.92525,
      0.924375,
      0.922875,
      0.925375,
      0.921875,
      0.922875,
      0.9265,
      0.925375,
      0.92675,
      0.92375,
      0.92525
    ]
  },
  "config": {
    "H5_DIR": "/root/akhil/HALP_EACL_Models/Models/FastVLM_model/fastvlm_output",
    "CSV_PATH": "/root/akhil/FInal_CSV_Hallucination/fastvlm_manually_reviewed.csv",
    "OUTPUT_DIR": "/root/akhil/probe_training_scripts/fastvlm_model_probe/results/vision_only",
    "MODEL_NAME": "FastVLM-7B",
    "EMBEDDING_TYPE": "vision_only_representation",
    "LAYER_NAME": null,
    "TARGET_COLUMN": "is_hallucinating_manual",
    "LAYER_SIZES": [
      512,
      256,
      128
    ],
    "DROPOUT_RATE": 0.3,
    "LEARNING_RATE": 0.001,
    "BATCH_SIZE": 32,
    "EPOCHS": 50,
    "TEST_SIZE": 0.2,
    "RANDOM_STATE": 42,
    "DEVICE": "cuda"
  }
}