{
  "model_name": "Qwen2.5-VL-7B",
  "embedding_type": "vision_token_representation",
  "layer_name": "layer_14",
  "target_column": "is_hallucinating_manual",
  "input_dim": 3584,
  "timestamp": "20251003_182217",
  "dataset_statistics": {
    "total_samples": 10000,
    "num_no_hallucination": 9394,
    "num_hallucination": 606,
    "hallucination_percentage": 6.0600000000000005
  },
  "train_set": {
    "num_samples": 8000,
    "accuracy": 0.957875,
    "precision": 0.6796116504854369,
    "recall": 0.5773195876288659,
    "f1": 0.6243032329988851,
    "auroc": 0.9776754394990089,
    "confusion_matrix": [
      [
        7383,
        132
      ],
      [
        205,
        280
      ]
    ],
    "num_no_hallucination": 7515,
    "num_hallucination": 485
  },
  "test_set": {
    "num_samples": 2000,
    "accuracy": 0.9105,
    "precision": 0.19791666666666666,
    "recall": 0.15702479338842976,
    "f1": 0.17511520737327188,
    "auroc": 0.6539151738000255,
    "confusion_matrix": [
      [
        1802,
        77
      ],
      [
        102,
        19
      ]
    ],
    "num_no_hallucination": 1879,
    "num_hallucination": 121
  },
  "training_history": {
    "train_loss": [
      0.42553399109840395,
      0.229615522056818,
      0.20448467114567756,
      0.19156194752454758,
      0.17102826295793055,
      0.15508397521078587,
      0.14828454522043466,
      0.13636355404555797,
      0.13469696538895368,
      0.12485838118940591,
      0.1166093567237258,
      0.11622265059500933,
      0.10862707246094942,
      0.10733701411634683,
      0.10378052846714854,
      0.09927718156576157,
      0.09863907707482576,
      0.09459089573845267,
      0.09324772653728723,
      0.09501340946927667,
      0.0920434490852058,
      0.09214157171547413,
      0.08723646490648389,
      0.08886787859722972,
      0.09047007354721427,
      0.08797369047626853,
      0.08345398878119886,
      0.08141773078590632,
      0.08359500318579376,
      0.07923138203658163,
      0.08097418723627925,
      0.08173546636663377,
      0.08065223735198379,
      0.07865588552039117,
      0.0744094893061556,
      0.07824469843506814,
      0.07358810710720717,
      0.07609113773331046,
      0.07534119617938996,
      0.07631705043371767,
      0.07468463871628046,
      0.07403310476057232,
      0.07197881514392793,
      0.07043129947315901,
      0.07249832363054157,
      0.07392813470168039,
      0.06929526489065028,
      0.07159479197440669,
      0.07078838656283915,
      0.0683543407516554
    ],
    "train_acc": [
      0.846375,
      0.9365,
      0.936,
      0.93625,
      0.939875,
      0.941375,
      0.9425,
      0.94225,
      0.943125,
      0.94625,
      0.94825,
      0.949875,
      0.947625,
      0.9515,
      0.954125,
      0.955,
      0.9555,
      0.953875,
      0.956,
      0.954625,
      0.9565,
      0.957875,
      0.958125,
      0.959375,
      0.95775,
      0.95475,
      0.958,
      0.960125,
      0.959375,
      0.9595,
      0.958875,
      0.960625,
      0.961625,
      0.959625,
      0.9635,
      0.95825,
      0.960625,
      0.96,
      0.961625,
      0.96275,
      0.962875,
      0.963,
      0.961375,
      0.963875,
      0.96075,
      0.962625,
      0.962875,
      0.96225,
      0.963625,
      0.964
    ]
  },
  "config": {
    "H5_DIR": "/root/akhil/HALP_EACL_Models/Models/Qwen25_VL/qwen25_output",
    "CSV_PATH": "/root/akhil/FInal_CSV_Hallucination/qwen25vl_manually_reviewed.csv",
    "OUTPUT_DIR": "/root/akhil/probe_training_scripts/qwen25vl_model_probe/results/vision_token_layer_n_2",
    "MODEL_NAME": "Qwen2.5-VL-7B",
    "EMBEDDING_TYPE": "vision_token_representation",
    "LAYER_NAME": "layer_14",
    "TARGET_COLUMN": "is_hallucinating_manual",
    "LAYER_SIZES": [
      512,
      256,
      128
    ],
    "DROPOUT_RATE": 0.3,
    "LEARNING_RATE": 0.001,
    "BATCH_SIZE": 32,
    "EPOCHS": 50,
    "TEST_SIZE": 0.2,
    "RANDOM_STATE": 42,
    "DEVICE": "cuda"
  }
}