{
  "model_name": "Qwen2.5-VL-7B",
  "embedding_type": "vision_only_representation",
  "layer_name": null,
  "target_column": "is_hallucinating_manual",
  "input_dim": 1280,
  "timestamp": "20251003_181941",
  "dataset_statistics": {
    "total_samples": 10000,
    "num_no_hallucination": 9394,
    "num_hallucination": 606,
    "hallucination_percentage": 6.0600000000000005
  },
  "train_set": {
    "num_samples": 8000,
    "accuracy": 0.939375,
    "precision": 0.0,
    "recall": 0.0,
    "f1": 0.0,
    "auroc": 0.9336920660397418,
    "confusion_matrix": [
      [
        7515,
        0
      ],
      [
        485,
        0
      ]
    ],
    "num_no_hallucination": 7515,
    "num_hallucination": 485
  },
  "test_set": {
    "num_samples": 2000,
    "accuracy": 0.9395,
    "precision": 0.0,
    "recall": 0.0,
    "f1": 0.0,
    "auroc": 0.7873055388174648,
    "confusion_matrix": [
      [
        1879,
        0
      ],
      [
        121,
        0
      ]
    ],
    "num_no_hallucination": 1879,
    "num_hallucination": 121
  },
  "training_history": {
    "train_loss": [
      0.41994529977440836,
      0.22696601448953152,
      0.21351735140383243,
      0.20345642171800138,
      0.19804084195196628,
      0.19732131703197955,
      0.19528323608636855,
      0.19026734201610088,
      0.18411503706872462,
      0.1838628305196762,
      0.17734858870506287,
      0.18409634977579117,
      0.1800700721293688,
      0.17812616342306137,
      0.1707619926035404,
      0.17510740236938,
      0.17361279395222665,
      0.17378986835479737,
      0.18437192852795123,
      0.17950997771322727,
      0.1838643189072609,
      0.18464341881871224,
      0.19342126180231572,
      0.19168017286062242,
      0.1859559385329485,
      0.19687145684659482,
      0.1964651354253292,
      0.18751474018394948,
      0.1845142152607441,
      0.18531134001910687,
      0.18430778454244137,
      0.1792778013944626,
      0.17934897528588772,
      0.17879730784893036,
      0.17704994846880437,
      0.1728419313877821,
      0.1768129159361124,
      0.1752070132791996,
      0.17981510642170906,
      0.1737687998563051,
      0.17224444450438023,
      0.17182966795563698,
      0.17164229971170425,
      0.16731393754482268,
      0.16940042704343797,
      0.16629109761118888,
      0.1627309567183256,
      0.16813361090421677,
      0.16321160584688188,
      0.16709475097060203
    ],
    "train_acc": [
      0.8535,
      0.935375,
      0.935875,
      0.937125,
      0.936,
      0.93625,
      0.93775,
      0.937875,
      0.938875,
      0.938625,
      0.93825,
      0.93825,
      0.937625,
      0.938375,
      0.941125,
      0.93775,
      0.938,
      0.937875,
      0.939,
      0.93875,
      0.938625,
      0.93875,
      0.938,
      0.938375,
      0.938125,
      0.939375,
      0.93925,
      0.9395,
      0.939,
      0.93875,
      0.9395,
      0.938875,
      0.939,
      0.93875,
      0.938125,
      0.938625,
      0.938625,
      0.938625,
      0.938875,
      0.938375,
      0.93975,
      0.939125,
      0.939625,
      0.9385,
      0.93925,
      0.939,
      0.93825,
      0.9385,
      0.938625,
      0.938875
    ]
  },
  "config": {
    "H5_DIR": "/root/akhil/HALP_EACL_Models/Models/Qwen25_VL/qwen25_output",
    "CSV_PATH": "/root/akhil/FInal_CSV_Hallucination/qwen25vl_manually_reviewed.csv",
    "OUTPUT_DIR": "/root/akhil/probe_training_scripts/qwen25vl_model_probe/results/vision_only",
    "MODEL_NAME": "Qwen2.5-VL-7B",
    "EMBEDDING_TYPE": "vision_only_representation",
    "LAYER_NAME": null,
    "TARGET_COLUMN": "is_hallucinating_manual",
    "LAYER_SIZES": [
      512,
      256,
      128
    ],
    "DROPOUT_RATE": 0.3,
    "LEARNING_RATE": 0.001,
    "BATCH_SIZE": 32,
    "EPOCHS": 50,
    "TEST_SIZE": 0.2,
    "RANDOM_STATE": 42,
    "DEVICE": "cuda"
  }
}